,Gender,Age,Annual Income (k$),Spending Score (1-100),Email,Unnamed: 6,Unnamed: 7,Unnamed: 8
0,1,19,15,39,repulsiveRoy5@centurytel.net,,,
1,1,21,15,81,Bobbynutty@hetnet.nl,,,
2,0,20,16,6,Eduardoselfish@yahoo.co.jp,,,
3,0,23,16,77,Anthonycruel@terra.com.br,,,
4,0,31,17,40,calmTrevor@wanadoo.fr,,,
5,0,22,17,76,helplessJonathan@hotmail.it,,,
6,0,35,18,6,determinedTara@live.ca,,,
7,0,23,18,94,annoyingTodd41@aol.com,,,
8,1,64,19,3,tameGrant40@yahoo.in,,,
9,0,30,19,72,Meredithexcited@yandex.ru,,,
10,1,67,19,14,Melodydisturbed@hotmail.fr,,,
11,0,35,19,99,aliveBethany49@comcast.net,,,
12,0,58,20,15,kindMichelle@bigpond.com,,,
13,0,24,20,77,faithfulCynthia38@voila.fr,,,
14,1,37,20,13,exuberantBrian@rediffmail.com,,,
15,1,22,20,79,motionlessVirginia@skynet.be,,,
16,0,35,21,35,uglyJulie@yahoo.co.jp,,,
17,1,20,21,66,scaryDerek@gmail.com,,,
18,1,52,23,29,encouragingJared36@yahoo.com.br,,,
19,0,35,23,98,easyAmelia@aliceadsl.fr,,,
20,1,35,24,35,fineMitchell13@bellsouth.net,,,
21,1,25,24,73,Ashleighfancy@sky.com,,,
22,0,46,25,5,obnoxiousMitchell@gmx.de,,,
23,1,31,25,73,combativeBridget@yahoo.co.uk,,,
24,0,54,28,14,wrongClaudia90@tiscali.it,,,
25,1,29,28,82,curiousAlberto@live.com,,,
26,0,45,28,32,Catherinehungry@freenet.de,,,
27,1,35,28,61,Keripanicky@msn.com,,,
28,0,40,29,31,inquisitiveSabrina74@msn.com,,,
29,0,23,29,87,Karaannoying@optusnet.com.au,,,
30,1,60,30,4,Maryalive@mac.com,,,
31,0,21,30,73,carefulBilly@virgilio.it,,,
32,1,53,33,4,Theodoreworrisome@blueyonder.co.uk,,,
33,1,18,33,92,Janetdizzy@arcor.de,,,
34,0,49,33,14,Cynthialively@yahoo.co.uk,,,
35,0,21,33,81,distinctErin@verizon.net,,,
36,0,42,34,17,dullKarl@bol.com.br,,,
37,0,30,34,73,inexpensiveSheila68@gmx.net,,,
38,0,36,37,26,Sierraclumsy@tin.it,,,
39,0,20,37,75,Mistyenchanting@ig.com.br,,,
40,0,65,38,35,stormyDaniel70@aim.com,,,
41,1,24,38,92,bewilderedBruce37@optonline.net,,,
42,1,48,39,36,obnoxiousLawrence38@voila.fr,,,
43,0,31,39,61,powerfulRoberto@optusnet.com.au,,,
44,0,49,39,28,Cynthiaold-fashioned@live.ca,,,
45,0,24,39,65,Ashleydark@yahoo.com.ar,,,
46,0,50,40,55,Aimeeglorious@neuf.fr,,,
47,0,27,40,47,Troybrainy@bigpond.net.au,,,
48,0,29,40,42,uglyDustin9@hotmail.co.uk,,,
49,0,31,40,42,wildKelli@hotmail.es,,,
50,0,49,42,52,joyousNatasha@centurytel.net,,,
51,1,33,42,60,disturbedKatie65@yahoo.com,,,
52,0,31,43,54,disgustedJohnny@free.fr,,,
53,1,59,43,60,Troyobedient@me.com,,,
54,0,50,43,45,Ashleighnervous@t-online.de,,,
55,1,47,43,41,Lesliesleepy@yahoo.com.au,,,
56,0,51,44,50,Tonyprecious@mail.ru,,,
57,1,69,44,46,successfulDevon@ntlworld.com,,,
58,0,27,46,51,toughJoseph73@uol.com.br,,,
59,1,53,46,46,obnoxiousTommy44@optonline.net,,,
60,1,70,46,56,Meganfunny@mac.com,,,
61,1,19,46,55,Paulfamous@yahoo.fr,,,
62,0,67,47,52,pleasantJessie@hotmail.de,,,
63,0,54,47,59,cleverRandall87@hotmail.de,,,
64,1,63,48,51,Edwardlonely@live.com.au,,,
65,1,18,48,59,mysteriousCourtney18@gmx.de,,,
66,0,43,48,50,ugliestSergio@yahoo.com.au,,,
67,0,68,48,48,exuberantMarco@freenet.de,,,
68,1,19,48,59,Anncheerful@club-internet.fr,,,
69,0,32,48,47,Jeromebrainy@uol.com.br,,,
70,1,70,49,55,realRandi96@ymail.com,,,
71,0,47,49,42,Davidprecious@yandex.ru,,,
72,0,60,50,49,Kristenoutrageous@alice.it,,,
73,0,60,50,56,cuteJoel@uol.com.br,,,
74,1,59,54,47,delightfulMartha@hotmail.es,,,
75,1,26,54,54,Traviswide-eyed@hotmail.com,,,
76,0,45,54,53,Alberteager@googlemail.com,,,
77,1,40,54,48,Christinacalm@club-internet.fr,,,
78,0,23,54,52,bloodyDarrell@club-internet.fr,,,
79,0,49,54,42,Candacezealous@planet.nl,,,
80,1,57,54,51,soreRaymond@sbcglobal.net,,,
81,1,38,54,55,Rebekahexcited@cox.net,,,
82,1,67,54,41,Aliciascary@sympatico.ca,,,
83,0,46,54,44,drabBrad22@yahoo.fr,,,
84,0,21,54,57,repulsiveShannon64@att.net,,,
85,1,48,54,46,modernShawna@bigpond.com,,,
86,0,55,57,58,mysteriousCourtney94@rocketmail.com,,,
87,0,22,57,55,boredAlisha52@gmx.de,,,
88,0,34,58,60,Ebonycourageous@yahoo.it,,,
89,0,50,58,46,wittyKeri67@voila.fr,,,
90,0,68,59,55,breakableVictor@aol.com,,,
91,1,18,59,41,old-fashionedRonald62@cox.net,,,
92,1,48,60,49,perfectRachel4@live.co.uk,,,
93,0,40,60,40,Shaunmisty@virgilio.it,,,
94,0,32,60,42,lonelyBrad70@optusnet.com.au,,,
95,1,24,60,52,aggressiveSusan11@yandex.ru,,,
96,0,47,60,47,hungryWayne62@charter.net,,,
97,0,27,60,50,Andresnutty@yahoo.com.sg,,,
98,1,48,61,42,jitteryFrank@t-online.de,,,
99,1,20,61,49,crowdedAshleigh@freenet.de,,,
100,0,23,62,41,deadSteven81@live.ca,,,
101,0,49,62,48,putridGlenn@yandex.ru,,,
102,1,67,62,59,Dannydead@yandex.ru,,,
103,1,26,62,55,homelessMario1@bluewin.ch,,,
104,1,49,62,56,Edwinunusual@outlook.com,,,
105,0,21,62,42,perfectFrederick0@bigpond.com,,,
106,0,66,63,50,funnyPreston@yahoo.com.sg,,,
107,1,54,63,46,Claytonaverage@yahoo.es,,,
108,1,68,63,43,Shanethankful@live.ca,,,
109,1,66,63,48,Jacquelinecharming@t-online.de,,,
110,1,65,63,52,Annodd@live.com.au,,,
111,0,19,63,54,enchantingDenise@mail.com,,,
112,0,38,64,42,Jeromeexcited@yahoo.co.jp,,,
113,1,19,64,46,tiredAdrienne90@planet.nl,,,
114,0,18,65,48,cruelRenee@skynet.be,,,
115,0,19,65,50,gentleJames@earthlink.net,,,
116,0,63,65,43,ashamedMathew@ntlworld.com,,,
117,0,49,65,59,wanderingGabriel@live.com,,,
118,0,51,67,43,pleasantCole@yahoo.com.mx,,,
119,0,50,67,57,Abbyrepulsive@hotmail.com,,,
120,1,27,67,56,Drewenvious@yahoo.es,,,
121,0,38,67,40,zanyTony83@att.net,,,
122,0,40,69,58,vivaciousVeronica@verizon.net,,,
123,1,39,69,91,averageJeremiah@live.com,,,
124,0,23,70,29,doubtfulKendra@comcast.net,,,
125,0,31,70,77,innocentAbigail@freenet.de,,,
126,1,43,71,35,Deannapowerful@centurytel.net,,,
127,1,40,71,95,famousEmmanuel12@mac.com,,,
128,1,59,71,11,zanyShawn@yahoo.co.uk,,,
129,1,38,71,75,Gracesuccessful@sbcglobal.net,,,
130,1,47,71,9,Matthewcareful@yahoo.com.mx,,,
131,1,39,71,75,talentedLeonard@yahoo.com.sg,,,
132,0,25,72,34,hurtStefanie@yahoo.com.br,,,
133,0,31,72,71,helplessMallory@hotmail.fr,,,
134,1,20,73,5,comfortableBilly33@hotmail.de,,,
135,0,29,73,88,homelessToni25@yahoo.co.in,,,
136,0,44,73,7,Blakedead@shaw.ca,,,
137,1,32,73,73,anxiousBrandy52@skynet.be,,,
138,1,19,74,10,vastMonique@hotmail.es,,,
139,0,35,74,72,Joannadistinct@hotmail.co.uk,,,
140,0,57,75,5,arrogantBethany11@web.de,,,
141,1,32,75,93,motionlessAmber47@orange.fr,,,
142,0,28,76,40,nervousMelody@yahoo.co.id,,,
143,0,32,76,87,Brandonrelieved@uol.com.br,,,
144,1,25,77,12,fantasticChristy82@rocketmail.com,,,
145,1,28,77,97,blueVictoria62@googlemail.com,,,
146,1,48,77,36,evilNathan61@bol.com.br,,,
147,0,32,77,74,helpfulRonnie65@aol.com,,,
148,0,34,78,22,puzzledHannah@tiscali.it,,,
149,1,34,78,90,inexpensiveMeghan49@aliceadsl.fr,,,
150,1,43,78,17,wildAnne@yahoo.com.au,,,
151,1,39,78,88,courageousBridget26@planet.nl,,,
152,0,44,78,20,disgustedLori88@bluewin.ch,,,
153,0,38,78,76,Ashleighcombative@gmail.com,,,
154,0,47,78,16,Randigorgeous@planet.nl,,,
155,0,27,78,89,doubtfulCourtney@gmx.de,,,
156,1,37,78,1,Mindydefiant@rocketmail.com,,,
157,0,30,78,78,cruelTrevor30@yahoo.com.mx,,,
158,1,34,78,1,blueRaul25@freenet.de,,,
159,0,30,78,73,Derekfoolish@aol.com,,,
160,0,56,79,35,troubledAlexis38@msn.com,,,
161,0,29,79,83,tenderLacey@voila.fr,,,
162,1,19,81,5,hungryNikki@web.de,,,
163,0,31,81,93,Hannahdizzy@bluewin.ch,,,
164,1,50,85,26,bewilderedTravis@tin.it,,,
165,0,36,85,75,Trevorcomfortable@live.com.au,,,
166,1,42,86,20,aggressiveMichael@aol.com,,,
167,0,33,86,95,puzzledAlyssa93@gmail.com,,,
168,0,36,87,27,determinedBrian@rocketmail.com,,,
169,1,32,87,63,attractiveMarcus@voila.fr,,,
170,1,40,87,13,tastyChad@bigpond.com,,,
171,1,28,87,75,strangeMelody@gmx.net,,,
172,1,36,87,10,nuttyMark16@me.com,,,
173,1,36,87,92,successfulAmelia@gmx.de,,,
174,0,52,88,13,Rubenwild@terra.com.br,,,
175,0,30,88,86,nuttyVanessa22@laposte.net,,,
176,1,58,88,15,Jeremyalive@bigpond.net.au,,,
177,1,27,88,69,franticKelly@optonline.net,,,
178,1,59,93,14,stupidCorey@chello.nl,,,
179,1,35,93,90,worriedTony@yahoo.in,,,
180,0,37,97,32,depressedFernando82@bol.com.br,,,
181,0,32,97,86,successfulDesiree92@hotmail.com,,,
182,1,46,98,15,Rosafragile@rediffmail.com,,,
183,0,29,98,88,Reginaldlong@yahoo.com.mx,,,
184,0,41,99,39,handsomeDaisy@hetnet.nl,,,
185,1,30,99,97,determinedAlicia@mail.ru,,,
186,0,54,101,24,nervousJeremy@aim.com,,,
187,1,28,101,68,blushingLacey@blueyonder.co.uk,,,
188,0,41,103,17,enviousJasmine@t-online.de,,,
189,0,36,103,85,embarrassedRoger96@chello.nl,,,
190,0,34,103,23,angryIsaac0@verizon.net,,,
191,0,32,103,69,splendidAutumn@gmail.com,,,
192,1,33,113,8,depressedValerie35@hotmail.co.uk,,,
193,0,38,113,91,depressedPedro82@sbcglobal.net,,,
194,0,47,120,16,alertLeslie@yahoo.ca,,,
195,0,35,120,79,gloriousRandy47@terra.com.br,,,
196,0,45,126,28,vivaciousDaisy@bigpond.com,,,
197,1,32,126,74,Eduardorich@club-internet.fr,,,
198,1,32,137,18,wrongJasmine94@blueyonder.co.uk,,,
199,1,30,137,83,clearJared@chello.nl,,,
