CustomerID,Gender,Age,Annual Income (k),Spending Score (1-100),Email
1,Male,19,15,39,ayushchawla099@gamil.com
2,Male,21,15,81,swapnalimoghesm687@gmail.com
3,Female,,123,6,ketkaletanmay@gmail.com
4,Female,23,16,77,bkomal1999@gmail.com
5,Female,31,17,40,exampl@gmail.com
6,Female,22,,76,rasikavhaval1999@gmail.com
7,Female,35,18,6,vaishnavi03061999@gmail.com
8,Female,23,18,,bhosalesimran024@gmail.com
9,,64,111,3,kaliyanjani@gmail.com
10,Female,30,19,72,tahirbandar1999@gmail.com
11,Male,67,19,14,sherry04fashionista@gmail.com
12,Female,35,19,99,ramawatbhavana@gmail.com
13,Female,58,20,15,shilpashreemp699@gmail.com
14,Female,24,20,77,jyotsnazade5@gmail.com
15,Male,37,20,,nayaksatyaprakash36@gmail.com
16,Male,,20,79,mdmirhossain1998@gmail.com
17,Female,35,21,35,kirandabeta@gmail.com
18,Male,20,1200,66,vickyvineesh9@gmail.com
19,Male,52,23,29,jagdishpatil9767@gmail.com
20,Female,35,23,98,harshc466@gmail.com
21,Male,35,24,35,sawanmulchandani@gmail.com
22,Male,25,24,73,goyalyash629@gmail.com
23,Female,46,25,5,kulkarniyash4410@gmail.com
24,Male,31,1000,73,thulasisoma402@gmail.com
25,Female,54,28,14,nehachauhan895766@gmail.com
26,Male,29,28,,pratikalase2000@gmail.com
27,Female,45,28,32,goyalyash629@gmail.com
28,Male,35,28,61,akashachawla3103@gmail.com
29,Female,40,,31,clifton70@brown.com
30,Female,23,222,87,patience30@bergstrom.biz
31,Male,60,30,4,kuphal.maximillia@yahoo.com
32,Female,21,30,73,qgusikowski@gmail.com
33,Male,53,33,4,beulah.mcglynn@hotmail.com
34,Male,18,33,92,alene.gottlieb@gmail.com
35,Female,49,33,14,dena.emard@yahoo.com
36,Female,21,111,81,vraynor@yahoo.com
37,Female,42,34,17,cassin.adalberto@gmail.com
38,Female,30,34,73,martin.windler@gulgowski.com
39,Female,36,37,26,tad12@yahoo.com
40,Female,20,37,75,kobe12@raynor.com
41,Female,65,38,35,nbuckridge@windler.net
42,Male,24,38,92,haley.murray@gmail.com
43,Male,48,39,36,konopelski.newton@gmail.com
44,Female,31,39,61,kunde.gavin@gmail.com
45,Female,49,100,28,cecelia.dietrich@yahoo.com
46,Female,24,39,65,shanelle27@yahoo.com
47,Female,50,40,55,xhammes@gmail.com
48,Female,27,123,47,lera.will@rowe.biz
49,Female,29,40,42,mcglynn.caleb@yahoo.com
50,Female,31,40,42,brakus.leslie@treutel.org
51,Female,49,42,52,zack.zulauf@gmail.com
52,Male,33,42,60,mack.morar@hotmail.com
53,Female,31,43,54,exampl@gmail.com
54,Male,59,43,60,jacinto.cummerata@wiza.biz
55,Female,50,43,45,brown.pagac@gmail.com
56,Male,47,43,41,darryl85@jerde.net
57,Female,51,400,50,elyssa.crooks@gmail.com
58,Male,69,44,46,jcrooks@legros.org
59,Female,27,46,51,jett.haley@jacobs.biz
60,Male,53,46,46,greenfelder.reyes@frami.com
61,Male,70,46,56,wgibson@reinger.com
62,Male,19,46,55,pwitting@pouros.com
63,Female,67,47,52,allie.witting@hotmail.com
64,Female,54,47,59,moriah17@cronin.net
65,Male,63,48,51,jairo88@yahoo.com
66,Male,18,48,59,mweimann@king.biz
67,Female,43,48,50,kconroy@yahoo.com
68,Female,68,48,48,waelchi.connor@abernathy.info
69,Male,19,48,59,harvey.prudence@tillman.org
70,Female,32,48,47,avery78@renner.com
71,Male,70,49,55,reece37@hand.com
72,Female,47,49,42,hammes.marjory@hotmail.com
73,Female,60,50,49,virginia.medhurst@shanahan.com
74,Female,60,50,56,vada13@gleichner.com
75,Male,,54,47,pmarks@hauck.com
76,Male,26,54,54,vcarter@hotmail.com
77,Female,45,54,53,rice.leo@beer.com
78,Male,40,222,48,malinda28@kiehn.com
79,Female,23,54,52,davin.macejkovic@gmail.com
80,,49,54,42,pgerhold@spencer.biz
81,Male,57,54,51,kara.nolan@kerluke.com
82,Male,38,54,55,grant.jessie@ebert.info
83,Male,67,54,,cframi@yahoo.com
84,Female,46,54,44,carmela.konopelski@hotmail.com
85,Female,21,54,57,mante.chloe@heaney.net
86,Male,48,54,46,tom04@hotmail.com
87,Female,55,57,58,effertz.verla@gmail.com
88,Female,22,57,55,volkman.barney@funk.com
89,Female,34,58,60,batz.rachael@pfeffer.com
90,Female,50,555,46,josephine73@hotmail.com
91,Female,68,59,55,gertrude.lang@gaylord.com
92,Male,18,59,41,yash268888@gmail.com
93,Male,48,60,49,gquitzon@yahoo.com
94,Female,40,,40,lester71@gmail.com
95,Female,32,60,42,idooley@wuckert.com
96,Male,24,60,52,burdette.johnson@goldner.com
97,Female,47,60,47,mbrekke@hettinger.net
98,Female,27,60,50,malachi24@hotmail.com
99,Male,48,61,42,okey.ortiz@yahoo.com
100,Male,20,61,49,lucinda52@gmail.com
101,Female,23,62,41,vonrueden.frederic@hermiston.org
102,Female,49,62,48,metz.justine@yahoo.com
103,Male,67,62,59,jackie.rau@jakubowski.net
104,Male,26,62,55,dustin.schneider@yahoo.com
105,Male,49,62,56,pagac.sammy@yahoo.com
106,Female,21,62,42,hcronin@yahoo.com
107,Female,66,63,50,emil.franecki@konopelski.com
108,Male,54,63,46,nyasia21@hotmail.com
109,Male,68,63,43,ayushchawla099@gamil.com
110,Male,66,63,48,kbosco@larson.info
111,Male,65,63,52,eliezer29@gmail.com
112,Female,19,63,54,champlin.ruthie@little.com
113,Female,38,64,42,bartoletti.keagan@hotmail.com
114,Male,19,900,46,roob.skyla@yahoo.com
115,Female,18,65,48,dorothy20@mitchell.com
116,Female,19,65,50,royal.schmitt@heaney.com
117,Female,,65,43,desiree.kris@harber.com
118,Female,49,65,59,austen.leffler@yahoo.com
119,Female,51,67,43,thaddeus.bartell@kulas.com
120,Female,50,67,57,koepp.owen@bashirian.com
121,Male,27,67,56,michel.haag@yahoo.com
122,Female,38,67,,frolfson@gmail.com
123,Female,40,69,58,frederic.welch@kuhlman.net
124,Male,39,69,91,desiree.roberts@jacobi.com
125,Female,23,70,29,tcrona@oberbrunner.com
126,Female,31,70,77,green.juwan@wisoky.org
127,Male,43,71,35,mlubowitz@osinski.com
128,Male,40,71,95,schaefer.keira@renner.com
129,Male,59,71,11,dariana92@schmitt.com
130,Male,38,71,75,carleton.weimann@hotmail.com
131,Male,47,71,9,yparker@yahoo.com
132,Male,39,71,75,heloise61@gmail.com
133,Female,25,72,34,akashchawla3103@gmail.com
134,Female,31,72,71,jessyca45@daugherty.com
135,Male,20,73,5,weimann.lucile@yahoo.com
136,Female,29,73,88,isabell16@herman.com
137,Female,44,73,7,gislason.sabryna@ferry.com
138,Male,32,73,73,wbraun@gmail.com
139,Male,19,74,10,dario.anderson@cremin.info
140,Female,35,74,72,edenesik@toy.biz
141,Female,57,75,5,leon.lubowitz@yahoo.com
142,Male,32,,93,franco.gottlieb@hotmail.com
143,Female,28,76,40,kade.kuphal@white.net
144,Female,32,1000,87,ressie.kub@yahoo.com
145,Male,25,77,12,fwiegand@beatty.info
146,Male,28,77,97,reynolds.tressa@gmail.com
147,Male,48,77,36,twest@hotmail.com
148,Female,32,77,74,ratke.chanelle@gmail.com
149,Female,34,78,22,aileen.koepp@cronin.com
150,Male,34,78,90,emelie.hansen@hickle.net
151,Male,43,78,17,anna.littel@brekke.com
152,Male,39,78,88,lawrence.bartell@waelchi.net
153,Female,44,78,20,stacy.frami@marks.net
154,Female,38,78,76,dawn.stokes@leffler.com
155,Female,47,78,16,lebsack.mollie@hotmail.com
156,Female,27,78,89,emmalee.rohan@halvorson.com
157,Male,37,78,1,ayushchawla099@gamil.com
158,Female,30,78,78,lucius.murray@bauch.com
159,Male,34,78,1,jasen.altenwerth@volkman.com
160,Female,30,78,73,coby35@yahoo.com
161,Female,56,79,35,donnell.kulas@yahoo.com
162,Female,29,79,83,herman.trever@yahoo.com
163,Male,19,81,5,hstokes@hotmail.com
164,Female,31,81,93,cordelia.lemke@crist.com
165,Male,50,85,26,lubowitz.caden@yahoo.com
166,Female,36,85,75,izemlak@schaden.net
167,Male,42,86,20,yundt.dayton@gmail.com
168,Female,33,86,95,donato72@wilderman.com
169,Female,36,87,27,daniel.kavon@yahoo.com
170,Male,32,87,63,jdibbert@hotmail.com
171,Male,40,87,13,leanna.cummings@kohler.com
172,Male,28,87,75,rod.wilderman@denesik.biz
173,Male,36,87,10,adolphus.gleason@bauch.com
174,Male,36,3456,92,corkery.rebecca@yahoo.com
175,Female,52,88,13,hagenes.jewel@yahoo.com
176,Female,30,88,86,kirsten.herzog@hotmail.com
177,Male,58,88,15,gulgowski.rosalyn@tremblay.org
178,Male,27,88,69,erick.rippin@mcdermott.com
179,Male,59,93,14,brown.ivah@reichert.com
180,Male,35,93,90,lane43@gmail.com
181,Female,37,97,32,zola20@cruickshank.com
182,,32,97,86,fritsch.jarvis@yahoo.com
183,Male,46,98,15,idell82@corwin.com
184,Female,29,98,88,webster.koch@gmail.com
185,Female,41,99,39,gleason.lonny@lindgren.org
186,Male,30,777,97,anastasia52@treutel.com
187,Female,54,101,24,torrance.green@hotmail.com
188,Male,28,101,68,doris77@hotmail.com
189,Female,41,103,17,keeling.theodora@gmail.com
190,Female,36,103,85,vmccullough@yahoo.com
191,Female,34,103,23,rodriguez.hanna@ryan.com
192,Female,32,103,69,dicki.gwendolyn@parker.com
193,Male,33,113,8,austen08@gmail.com
194,Female,38,113,91,boconner@connelly.info
195,Female,47,120,16,priscilla.heathcote@hotmail.com
196,Female,35,120,79,russel.breanne@koch.com
197,Female,45,126,28,gerlach.foster@hotmail.com
198,Male,,126,74,trinity.paucek@schmitt.info
199,Male,32,137,18,ankunding.gonzalo@rice.com
200,Male,30,137,83,carolyn00@okuneva.com
201,Male,29,15,39,levi01@yahoo.com
202,Male,21,20,81,marina43@hotmail.com
203,Female,20,16,6,waters.alycia@yahoo.com
204,Female,23,45,77,heller.markus@gislason.com
205,Female,31,17,40,verdie85@yahoo.com
206,Female,18,17,76,jfay@yahoo.com
207,Female,35,18,6,beth82@dooley.info
208,Female,23,44,94,maiya.mcglynn@gmail.com
209,Male,64,19,3,cordia.hill@stanton.org
210,Female,30,19,72,tyrese31@gmail.com
211,Male,67,19,14,spencer.brandon@hotmail.com
212,Female,35,19,99,alden59@brakus.com
213,Female,58,20,15,brody50@leuschke.biz
214,Female,24,55,77,becker.ezra@yahoo.com
215,Male,37,20,13,lucie.hills@hotmail.com
216,Male,22,20,79,kuvalis.luis@hotmail.com
217,Female,53,21,35,strosin.everette@oreilly.com
218,Male,20,34,66,icronin@blick.com
219,Male,52,23,29,leuschke.raheem@harvey.com
220,Female,35,23,98,walton68@hotmail.com
221,Male,35,24,35,gabriella00@yahoo.com
222,Male,25,24,73,etoy@gmail.com
223,Female,46,25,5,london59@gmail.com
224,Male,31,25,73,lwisozk@hudson.com
225,Female,39,28,14,keagan62@reynolds.com
226,Male,29,28,82,lindgren.maximo@trantow.info
227,Female,45,28,32,ygutkowski@hansen.com
228,Male,35,28,61,ewintheiser@dubuque.biz
229,Female,40,24,31,royal.lebsack@mccullough.com
230,Female,23,29,87,mya97@hotmail.com
231,Male,60,30,4,finn23@yahoo.com
232,Female,21,30,73,elwyn92@yahoo.com
233,Male,53,33,4,xberge@beatty.com
234,Male,18,123,92,sraynor@blanda.info
235,Female,28,33,14,damore.baylee@yahoo.com
236,Female,21,33,81,kulkarniyash4410@gmail.com
237,Female,42,34,17,jakob.mills@larson.com
238,Female,30,34,73,kari.predovic@hotmail.com
239,Female,36,37,26,parker.altenwerth@anderson.com
240,Female,20,23,75,enid.wiegand@boyle.com
241,Female,65,38,35,kayla92@yahoo.com
242,Male,24,38,92,clay53@pollich.com
243,Male,48,39,36,jaylon15@reynolds.com
244,Female,45,39,61,carmen.tillman@yahoo.com
245,Female,49,33,28,jamir84@leffler.info
246,Female,24,39,65,tcollier@crona.com
247,Female,50,40,55,keon.bashirian@hotmail.com
248,Female,27,40,47,okuhlman@hotmail.com
249,Female,29,40,42,cjacobson@lubowitz.com
250,Female,31,40,42,emetz@gmail.com
251,Female,49,45,52,wanda.doyle@gmail.com
252,Male,33,42,60,nkub@hotmail.com
253,Female,31,43,54,bertram43@trantow.org
254,Male,59,43,60,tatyana.mann@hotmail.com
255,Female,50,43,45,aufderhar.zoie@tillman.net
256,Male,47,,41,shea.gerhold@ruecker.biz
257,,32,44,50,ghaag@hotmail.com
258,Male,69,44,46,noble.waters@keeling.com
259,Female,27,46,51,jonathon.weber@hotmail.com
260,Male,53,46,46,ortiz.tom@yahoo.com
261,Male,70,46,56,karson31@gmail.com
262,Male,19,46,55,aubree10@renner.info
263,Female,67,47,52,eleazar.hilpert@hotmail.com
264,Female,19,47,59,uyundt@barton.com
265,Male,63,55,51,vonrueden.naomie@hotmail.com
266,Male,18,48,59,kub.matilde@gmail.com
267,Female,43,48,50,annamarie83@zboncak.com
268,Female,68,48,48,tanner13@hotmail.com
269,Male,19,48,59,madelyn94@blick.org
270,Female,32,48,47,deja71@gorczany.com
271,Male,70,49,55,fay.adrianna@hotmail.com
272,Female,47,123,42,zulauf.stella@auer.org
273,Female,60,50,49,daron35@vonrueden.com
274,Female,60,50,56,graham.cristina@parisian.com
275,Male,59,54,47,nader.alberto@gmail.com
276,Male,26,54,54,kyra.pfeffer@yahoo.com
277,Female,67,54,53,emmie89@hotmail.com
278,Male,40,54,48,jenkins.adelbert@hotmail.com
279,Female,23,54,52,dee41@hotmail.com
280,Female,49,111,42,walter.melisa@macejkovic.net
281,Male,57,54,51,shahn@yahoo.com
282,Male,38,54,55,ford19@littel.biz
283,Male,67,54,41,reece.durgan@schultz.com
284,Female,46,54,44,rlang@yahoo.com
285,Female,21,54,57,leopold.cummerata@mertz.com
286,Male,48,54,46,buck.schiller@yahoo.com
287,Female,45,222,58,luciano.schamberger@gmail.com
288,Female,22,57,55,fredrick03@gmail.com
289,Female,34,58,60,ernser.ignacio@haag.biz
290,Female,50,58,46,randall.schimmel@hotmail.com
291,Female,68,59,55,elizabeth.prosacco@towne.biz
292,Male,18,59,41,rau.rocky@hotmail.com
293,Male,48,60,49,collin.kunze@renner.com
294,Female,40,60,40,chase.dickinson@bergnaum.org
295,Female,32,60,42,constantin42@bergnaum.com
296,Male,24,60,,fgreenholt@wisozk.org
297,Female,47,60,47,blick.anabel@gmail.com
298,Female,27,60,50,logan83@hotmail.com
299,Male,34,61,42,raegan.jacobs@hotmail.com
300,Male,20,45,49,wisozk.arlene@hotmail.com
301,Female,23,62,41,bernier.guiseppe@hotmail.com
302,Female,49,62,48,cade.simonis@tillman.com
303,Male,67,62,59,alexandrine.legros@murphy.biz
304,Male,26,62,55,laverna.grady@friesen.com
305,,49,62,56,block.vicenta@hotmail.com
306,Female,21,62,42,jstroman@gmail.com
307,Female,66,54,50,marvin.walter@eichmann.com
308,Male,56,63,46,audreanne35@yahoo.com
309,Male,68,63,43,fiona.wintheiser@gmail.com
310,Male,66,63,48,karl82@hotmail.com
311,Male,65,63,52,leola.bahringer@yahoo.com
312,Female,19,63,54,awisoky@gorczany.net
313,Female,38,64,42,nolan.isaiah@yahoo.com
314,Male,19,64,46,vicente.miller@labadie.com
315,Female,18,65,48,rose.trantow@gmail.com
316,Female,69,65,50,lester.stracke@hotmail.com
317,Female,63,65,43,mueller.pink@leuschke.info
318,Female,49,65,59,bergnaum.abraham@schaden.com
319,Female,51,67,43,zita.purdy@gmail.com
320,Female,50,67,57,ezekiel.jenkins@hotmail.com
321,Male,27,67,56,tbeahan@gmail.com
322,Female,38,67,40,mschaefer@hotmail.com
323,Female,40,44,58,kameron.weber@hotmail.com
324,Male,39,69,91,orn.cedrick@conn.net
325,Female,23,70,29,torphy.winifred@gmail.com
326,Female,23,70,77,qlangworth@gmail.com
327,Male,43,71,35,russel.lakin@hotmail.com
328,Male,40,71,95,lang.aurelio@hilpert.com
329,Male,59,71,11,kennedy27@yahoo.com
330,Male,38,71,75,schultz.nellie@tremblay.net
331,Male,47,71,9,bailey.taya@conroy.org
332,Male,39,71,75,irwin.boyle@yahoo.com
333,Female,25,72,34,vidal.bins@gmail.com
334,Female,31,72,71,toney.abbott@homenick.org
335,Male,35,500,5,jewell85@wolf.com
336,Female,29,73,88,josefa.gulgowski@yahoo.com
337,Female,44,73,7,boyle.autumn@hills.com
338,Male,32,73,73,fbogan@bradtke.info
339,Male,19,74,10,king.bauch@hotmail.com
340,Female,35,74,72,buddy.lebsack@yahoo.com
341,Female,57,75,5,damore.sydnee@konopelski.com
342,Male,32,75,93,uhayes@yahoo.com
343,Female,28,76,40,leola59@lakin.biz
344,Female,32,76,87,farrell.otilia@cummings.org
345,Male,25,77,12,danny21@graham.com
346,Male,28,77,97,nico83@rau.com
347,Male,25,77,36,zachariah.feil@gmail.com
348,Female,32,77,74,johan.gutmann@donnelly.net
349,Female,34,78,22,zreichert@hotmail.com
350,Male,34,230,90,king.ervin@grimes.com
351,Male,43,78,17,sydni14@bednar.com
352,Male,39,78,88,ledner.marley@gmail.com
353,Female,44,78,20,medhurst.dariana@gottlieb.com
354,Female,38,78,76,stone74@swift.biz
355,Female,23,78,16,mkilback@crona.com
356,Female,27,78,89,coby.kihn@yahoo.com
357,Male,37,78,1,lauren.yundt@wiegand.com
358,Female,30,78,78,irwin.littel@gmail.com
359,Male,34,78,1,dallas.weimann@gmail.com
360,Female,30,78,73,kilback.aaliyah@yahoo.com
361,Female,56,79,35,carter.abagail@hotmail.com
362,Female,29,79,83,haag.sid@gmail.com
363,Male,44,81,5,lindgren.jeramie@hotmail.com
364,Female,44,81,93,terrance.spinka@ruecker.com
365,Male,50,85,26,wschulist@gleason.biz
366,Female,36,85,75,legros.heber@stoltenberg.com
367,Male,42,86,20,daphnee19@auer.com
368,Female,33,86,95,esperanza.renner@hotmail.com
369,Female,36,87,27,kira05@dooley.com
370,Male,32,87,63,beau18@hotmail.com
371,Male,40,87,13,raegan98@hotmail.com
372,Male,28,87,75,jabari41@yahoo.com
373,Male,43,87,10,hailey35@yahoo.com
374,Male,36,87,92,hpagac@yahoo.com
375,Female,52,88,13,reichel.lester@wisozk.com
376,Female,30,88,86,amalia.von@yahoo.com
377,Male,58,88,15,doyle.francis@reichel.info
378,Male,27,88,69,vlind@gmail.com
379,Male,59,345,14,dkunze@yahoo.com
380,Male,35,93,90,estevan.turner@schmidt.com
381,Female,37,97,32,bwintheiser@hotmail.com
382,Female,32,97,86,hauck.alexa@yahoo.com
383,Male,46,98,15,mose67@hotmail.com
384,Female,29,98,88,cgottlieb@botsford.com
385,Female,60,99,39,schmeler.rubye@gmail.com
386,Male,50,99,97,karli39@murazik.org
387,Female,54,101,24,ernser.riley@hotmail.com
388,Male,28,101,68,dcasper@harber.org
389,Female,41,103,17,eichmann.jermey@hotmail.com
390,Female,36,103,85,earnest71@brakus.com
391,Female,34,103,23,seamus.huel@gmail.com
392,Female,32,55,69,major.murazik@nikolaus.net
393,Male,33,113,8,rkertzmann@yahoo.com
394,Female,38,113,91,considine.nina@okon.net
395,Female,47,120,16,audie56@wisoky.info
396,Female,23,120,79,dulce12@hotmail.com
397,Female,45,126,28,margarete08@gmail.com
398,Male,32,145,74,dickens.frederique@hotmail.com
399,Male,32,450,18,gmarquardt@hotmail.com
400,Male,59,137,83,zgreenfelder@hotmail.com
401,Male,29,120,39,corn@kessler.com
402,Male,21,15,81,cremin.magali@hammes.com
403,Female,55,16,6,kglover@gmail.com
404,Female,23,16,77,tvon@kozey.com
405,Female,31,130,40,idooley@mitchell.net
406,Female,18,17,76,brandt40@kutch.com
407,Female,35,18,6,terry.sage@boyer.biz
408,Female,23,18,94,ylindgren@kuhic.com
409,Male,64,19,3,mferry@yahoo.com
410,Female,30,19,72,pbins@hotmail.com
411,Male,67,19,14,mcartwright@boyle.com
412,Female,35,19,99,graham.reuben@kovacek.biz
413,Female,58,20,15,boyle.luz@wyman.org
414,Female,24,20,77,vhoeger@stanton.net
415,Male,37,200,13,imelda78@yahoo.com
416,Male,22,20,79,emard.sandrine@hotmail.com
417,Female,53,21,35,wintheiser.jerald@wintheiser.org
418,Male,20,21,66,ledner.tod@yundt.biz
419,Male,52,23,29,fahey.zetta@jast.org
420,,35,23,98,bruen.lina@satterfield.com
421,Male,31,24,35,estella.gutmann@hotmail.com
422,Male,25,24,73,willis.abernathy@tremblay.org
423,Female,46,25,5,lia.goldner@yahoo.com
424,Male,31,25,73,shermann@hotmail.com
425,Female,39,28,14,nathanial.hammes@yahoo.com
426,Male,29,28,82,satterfield.jadon@ritchie.org
427,Female,45,28,32,johnny.leannon@barton.net
428,Male,35,28,,desmond73@glover.com
429,Female,40,29,31,aida90@yahoo.com
430,Female,23,29,87,azulauf@hotmail.com
431,Male,60,300,4,ulittel@mraz.com
432,Female,21,30,73,will.christine@yahoo.com
433,Male,53,33,4,alana.goyette@schmeler.com
434,Male,18,33,92,bcremin@gmail.com
435,Female,28,33,14,marie80@gmail.com
436,Female,21,33,81,domenic37@larkin.org
437,Female,42,34,17,schmitt.flavio@cole.com
438,Female,30,34,73,leuschke.timmy@gmail.com
439,Female,36,37,26,jaeden21@schamberger.com
440,Female,20,37,75,lila68@hotmail.com
441,Female,65,38,35,tbailey@labadie.biz
442,Male,24,38,92,lehner.marisa@yahoo.com
443,Male,48,39,36,gparker@dooley.com
444,Female,45,39,61,zsipes@yahoo.com
445,Female,21,39,28,christophe20@haag.com
446,Female,24,230,65,ressie.schaefer@gmail.com
447,Female,50,40,55,bosco.elda@konopelski.com
448,Female,27,40,47,hlowe@gmail.com
449,Female,29,40,42,wiley31@effertz.info
450,Female,31,40,42,scarroll@wintheiser.info
451,Female,49,42,52,jadyn.gerlach@carroll.info
452,Male,33,42,60,ephraim.lockman@yahoo.com
453,Female,31,43,54,okon.vivien@gmail.com
454,Male,59,43,60,brook87@beer.net
455,Female,50,43,45,broderick.mueller@dicki.com
456,Male,47,43,41,jstark@mitchell.com
457,Female,32,44,50,von.jonathan@toy.com
458,Male,69,450,46,nvon@hotmail.com
459,Female,56,46,51,josianne.harber@macejkovic.com
460,Male,53,46,46,kub.tevin@hotmail.com
461,Male,70,46,56,rippin.shania@gmail.com
462,Male,19,46,55,gabriella.borer@metz.biz
463,Female,67,1000,52,cturcotte@yahoo.com
464,Female,19,47,59,ymcdermott@yahoo.com
465,Male,63,48,51,jbins@gmail.com
466,Male,18,48,59,mitchell.velma@huel.com
467,Female,43,48,50,bins.lulu@yahoo.com
468,Female,68,48,48,dorothy12@keebler.biz
469,Male,19,34,59,josh94@morar.com
470,Female,32,48,47,leonora.kerluke@yahoo.com
471,Male,32,49,55,lang.kayleigh@reichert.net
472,Female,47,49,42,flatley.santina@gmail.com
473,Female,60,50,49,llubowitz@reichert.biz
474,Female,60,50,56,stephania93@hoppe.com
475,Male,59,54,47,kuphal.wyatt@cole.com
476,Male,26,54,54,zbartell@nolan.com
477,Female,67,54,53,carli75@feeney.com
478,Male,40,456,48,waltenwerth@gmail.com
479,Female,23,54,52,klehner@gmail.com
480,Female,49,54,42,gheller@feest.info
481,Male,57,54,51,zachary78@yahoo.com
482,Male,38,54,55,vhand@davis.com
483,Male,67,54,41,alessandro29@gmail.com
484,Female,46,54,44,eklein@kovacek.com
485,Female,21,54,57,douglas.upton@corwin.net
486,Male,48,54,46,torp.sydney@bahringer.com
487,Female,19,678,58,hthiel@gmail.com
488,Female,22,57,55,irwin37@hotmail.com
489,Female,34,58,60,awitting@yahoo.com
490,Female,50,58,46,nlindgren@gmail.com
491,Female,68,59,55,ashton04@koss.com
492,Male,18,59,41,orunte@tillman.com
493,Male,48,60,49,della.greenfelder@gmail.com
494,Female,40,60,40,schultz.pasquale@johnson.com
495,Female,32,60,42,mona.jerde@hauck.info
496,Male,24,60,52,jraynor@gerhold.info
497,Female,47,60,47,tlegros@hotmail.com
498,Female,27,60,50,legros.maye@armstrong.net
499,Male,21,890,42,ureinger@yahoo.com
500,Male,20,61,49,streich.iva@yahoo.com
501,Female,23,62,41,aliyah49@yahoo.com
502,Female,49,62,48,grant88@cole.com
503,Male,67,62,59,gfeest@kessler.biz
504,Male,26,62,55,garland60@yahoo.com
505,Male,49,62,56,glynch@dickens.com
506,Female,21,62,42,bernhard.malcolm@yahoo.com
507,Female,20,63,50,ledner.esperanza@walter.org
508,Male,56,670,46,johnpaul64@gmail.com
509,Male,68,63,43,kathryne.kling@renner.org
510,Male,66,63,48,grayce.abernathy@gmail.com
511,Male,65,63,52,udooley@carroll.com
512,Female,19,63,54,zgutmann@stanton.com
513,Female,38,64,42,rwelch@lesch.biz
514,Male,19,64,46,emmy46@gmail.com
515,Female,18,65,48,cassin.dean@murphy.com
516,Female,69,65,50,groob@kassulke.info
517,Female,63,1200,43,aileen.kuhlman@hotmail.com
518,Female,49,65,59,gerlach.kiley@kris.com
519,Female,18,67,43,henriette.mraz@lockman.com
520,Female,50,67,57,pbauch@gmail.com
521,Male,27,67,56,javonte69@stiedemann.com
522,Female,38,67,40,graham.quinton@bruen.biz
523,Female,40,69,58,jacklyn.swaniawski@gmail.com
524,Male,39,69,91,eugene.kautzer@gmail.com
525,Female,,70,29,ortiz.rosalyn@hotmail.com
526,Female,23,1234,77,lpfannerstill@jones.com
527,Male,43,71,35,smitham.walton@yahoo.com
528,Male,40,71,95,nrempel@yahoo.com
529,Male,59,71,11,vlarkin@fritsch.com
530,Male,56,71,75,joaquin57@doyle.info
531,Male,47,71,9,yessenia62@runolfsson.com
532,Male,39,71,75,kozey.barton@yahoo.com
533,Female,25,72,34,consuelo27@hotmail.com
534,Female,31,72,71,dmitchell@damore.com
535,Male,35,3456,5,yash268888@gmail.com
536,Female,29,73,88,tony13@yahoo.com
537,Female,44,73,7,kris.wuckert@hotmail.com
538,Male,32,,73,uglover@feeney.org
539,Male,19,74,10,yhuels@gmail.com
540,Female,35,74,72,schmeler.betty@gmail.com
541,Female,66,75,5,drunolfsdottir@daugherty.com
542,Male,32,75,93,oboyle@hotmail.com
543,Female,28,76,40,alexis27@gmail.com
544,Female,32,76,87,fernando.kertzmann@yahoo.com
545,Male,25,77,12,sister.altenwerth@toy.com
546,Male,28,123,97,annabel.johns@hotmail.com
547,Male,22,77,36,cschultz@windler.info
548,Female,32,77,74,kaylie52@hotmail.com
549,Female,34,78,22,aanderson@ferry.com
550,Male,34,78,90,xbogan@gmail.com
551,Male,43,78,17,kohler.charlie@gmail.com
552,Male,39,78,88,leopold97@gutmann.org
553,Female,44,78,20,prohaska.rebeka@yahoo.com
554,Female,38,78,76,sonya.pacocha@gmail.com
555,Female,47,78,16,noemi.adams@gmail.com
556,Female,27,78,89,okonopelski@metz.biz
557,Male,37,78,1,ngaylord@yahoo.com
558,Female,30,78,78,kwolff@gmail.com
559,Male,56,78,1,igoldner@altenwerth.net
560,Female,30,78,73,bins.nedra@brown.biz
561,Female,56,79,35,milford63@koss.com
562,Female,29,79,83,lauriane13@hotmail.com
563,Male,44,81,5,nikolaus.jayson@hill.net
564,Female,31,56,93,donavon.prosacco@wintheiser.org
565,Male,50,85,26,onie.jacobs@berge.com
566,Female,36,85,75,clemens.fadel@gmail.com
567,Male,42,86,20,meda47@yahoo.com
568,Female,44,86,95,wilburn.padberg@yahoo.com
569,Female,36,87,27,chloe.stehr@kassulke.org
570,Male,32,666,63,runolfsdottir.quinn@huel.info
571,Male,40,87,13,anabel.barrows@borer.com
572,Male,28,87,75,buckridge.yvette@gmail.com
573,Male,43,87,10,wisoky.rosemarie@carroll.com
574,Male,36,87,92,amaya.beahan@yahoo.com
575,Female,52,88,13,eliane.bahringer@stamm.net
576,Female,30,88,86,lmann@gislason.com
577,Male,33,88,15,annie06@russel.net
578,Male,27,88,69,fbartell@funk.com
579,Male,59,112,14,olaf28@schiller.com
580,Male,35,93,90,wbednar@zulauf.com
581,Female,37,97,32,christiansen.jeanette@wolff.com
582,Female,32,97,86,rpadberg@wolf.biz
583,Male,46,98,15,dedric.gleichner@quigley.info
584,Female,29,98,88,gislason.dianna@davis.org
585,Female,41,99,39,maxime.kemmer@frami.com
586,Male,50,99,97,lwunsch@yahoo.com
587,Female,54,101,24,vstrosin@ferry.com
588,Male,28,101,68,oberbrunner.rosario@ryan.biz
589,Female,41,103,17,bauch.aurore@blanda.com
590,Female,36,103,85,vswaniawski@keebler.biz
591,Female,34,1030,23,dangelo.mueller@gmail.com
592,Female,32,103,69,msteuber@yahoo.com
593,Male,33,113,8,rice.lilliana@yahoo.com
594,Female,38,113,91,bella.miller@gmail.com
595,Female,47,120,16,kennedi.huel@yahoo.com
596,Female,23,120,79,lindgren.candice@hotmail.com
597,Female,45,126,28,gottlieb.emmie@gleichner.net
598,Male,32,126,74,brady.johnson@witting.com
599,Male,32,137,18,nrunolfsdottir@hotmail.com
600,Male,59,137,83,abbie.nader@hilpert.net
601,Female,29,15,39,leanna24@gulgowski.com
602,Female,21,20,81,vmante@becker.org
603,Male,20,1123,6,isom.beer@hotmail.com
604,Male,23,45,77,ruecker.jovan@lakin.com
605,Male,31,17,40,ines24@gmail.com
606,Female,18,17,76,rosemary11@gmail.com
607,Female,35,18,6,meta.wisozk@douglas.com
608,Male,23,44,94,ara.stamm@mante.com
609,Male,64,19,3,porter74@gmail.com
610,Male,30,19,,paris10@lind.com
611,Male,67,19,14,unikolaus@gmail.com
612,Female,35,19,99,dcremin@yahoo.com
613,Female,58,20,15,emmett66@bogan.com
614,Male,24,55,77,hilpert.ubaldo@mills.org
615,Female,37,111,13,ozella.predovic@gmail.com
616,Female,22,20,79,pacocha.ayla@schmidt.com
617,Female,53,21,35,sgraham@hotmail.com
618,Female,20,34,66,ibauch@boehm.com
619,Female,52,23,29,nienow.daphney@hotmail.com
620,Female,35,23,98,stone.vandervort@kohler.info
621,Male,35,24,35,ybruen@gmail.com
622,Female,25,24,73,owilderman@larkin.com
623,Female,46,25,5,hudson.chyna@gmail.com
624,Male,31,25,73,kuhlman.deborah@schmeler.com
625,Female,39,28,,bgrant@gmail.com
626,Female,29,28,82,rgaylord@yahoo.com
627,Male,45,234,32,terry.gino@yahoo.com
628,Male,35,28,61,cruickshank.amanda@yahoo.com
629,Male,40,24,31,cgaylord@larkin.info
630,Male,23,29,87,yblick@lind.com
631,Male,60,30,4,harmony.schaden@yahoo.com
632,Male,21,30,73,wyman.brando@yahoo.com
633,Female,53,33,4,nreilly@gmail.com
634,Female,18,123,92,anderson32@yahoo.com
635,Male,28,33,14,thea13@leuschke.com
636,Female,21,55,81,gkiehn@steuber.com
637,Female,42,34,17,madge.wolff@yahoo.com
638,Male,30,34,73,demarco.wunsch@gmail.com
639,Male,36,37,26,lexie.mertz@murphy.biz
640,Female,20,23,75,witting.judd@gmail.com
641,Female,65,38,35,turner.anissa@price.com
642,Male,24,38,92,cara.powlowski@gmail.com
643,Female,48,39,36,sabrina.beier@strosin.com
644,Female,45,39,61,keven90@lehner.com
645,Male,49,33,28,kelton96@yost.com
646,Male,24,39,65,lempi.gutkowski@gmail.com
647,Male,50,40,55,araceli45@pacocha.org
648,Female,27,678,47,lehner.lucienne@stokes.com
649,Female,29,40,42,shanahan.robert@hotmail.com
650,Male,31,40,42,nadia24@yahoo.com
651,,49,45,52,markus71@zieme.info
652,Male,33,42,60,kylie80@tremblay.com
653,Female,31,43,54,bria.emard@hotmail.com
654,Female,59,43,60,earlene.willms@cummerata.org
655,Female,50,43,45,herta.hauck@oconner.com
656,Female,47,43,41,zemlak.maude@streich.info
657,Male,32,44,50,hailie.gottlieb@emard.org
658,Female,69,44,46,heaven.ortiz@hotmail.com
659,Male,27,46,51,smitham.leanna@yahoo.com
660,Female,53,1200,46,hills.frederick@gmail.com
661,Female,70,46,56,tavares.daugherty@yahoo.com
662,Female,19,46,55,sgusikowski@gmail.com
663,Male,67,47,52,flavie30@paucek.net
664,Female,19,47,59,gwen.von@erdman.com
665,Male,63,55,51,emelie11@boyle.net
666,Female,18,48,59,alda.borer@yahoo.com
667,Male,43,48,50,dino61@yahoo.com
668,Female,68,48,48,yundt.kaylin@doyle.com
669,Female,19,1409,59,sporer.august@batz.com
670,Male,32,48,47,benton.grant@yahoo.com
671,Male,70,49,55,casimir.kuhic@hotmail.com
672,Male,47,123,42,kyler.watsica@yahoo.com
673,Male,60,50,49,caleb.trantow@reichel.com
674,Male,60,50,56,heidi95@gmail.com
675,Female,59,54,47,rashad73@hilpert.net
676,Female,26,54,54,agutmann@zemlak.com
677,Male,67,54,53,dangelo.wisoky@dickinson.biz
678,Male,40,54,48,treva.kiehn@yahoo.com
679,Male,23,54,52,flangworth@hotmail.com
680,Male,49,111,42,kmorissette@parisian.biz
681,Female,57,345,51,adrian55@kemmer.biz
682,Female,38,54,55,arnoldo82@breitenberg.com
683,Male,67,54,41,janessa66@hintz.biz
684,Female,,54,44,fwaters@davis.org
685,Female,21,54,57,wellington.grimes@gmail.com
686,Male,48,54,46,rachelle93@klocko.com
687,Female,45,222,58,shannon.boyer@hartmann.com
688,Male,22,57,55,josefa.deckow@thompson.com
689,Female,34,58,60,dconnelly@hotmail.com
690,Female,50,5670,46,olson.dorothy@wilderman.com
691,Female,68,59,55,vita.lang@gmail.com
692,Female,18,59,41,harmony.cormier@schultz.com
693,Male,48,60,49,mathias.carter@nicolas.biz
694,Female,40,60,40,christian.feil@oconnell.org
695,Female,32,60,42,crona.eliezer@weissnat.info
696,Female,24,60,52,adele95@waelchi.com
697,Female,47,60,47,rahsaan15@yahoo.com
698,Male,27,60,50,cwhite@yahoo.com
699,Male,34,61,42,whayes@yahoo.com
700,Male,20,45,49,laverna85@yahoo.com
701,Male,23,62,41,abdul.streich@mckenzie.org
702,Male,49,333,48,elta10@yahoo.com
703,Female,67,62,59,cormier.nichole@kulas.com
704,Female,26,62,55,marilou.walker@zboncak.com
705,Female,49,62,56,xstiedemann@feest.com
706,Female,21,62,42,ward.ladarius@yahoo.com
707,Female,66,54,50,enid.mitchell@yahoo.com
708,Female,56,63,46,considine.randal@yahoo.com
709,Male,68,63,,cynthia.jacobs@dietrich.com
710,Female,66,63,48,lgaylord@gmail.com
711,Male,65,345,52,syble86@hotmail.com
712,Female,19,63,54,lsmith@hotmail.com
713,Female,38,64,42,wcummerata@gmail.com
714,Female,19,64,46,walker.bernie@hotmail.com
715,Male,18,65,48,cruickshank.rocky@treutel.com
716,Male,69,65,50,alegros@hane.org
717,Female,63,65,43,ffahey@hotmail.com
718,Male,49,65,59,lexie.bailey@rice.org
719,Male,51,67,43,charvey@huel.com
720,Female,50,67,57,aliza.cronin@yahoo.com
721,Male,27,67,56,jeanette.lemke@kshlerin.org
722,Male,38,67,40,ubechtelar@lakin.net
723,Female,40,44,58,dhansen@yahoo.com
724,Male,39,69,91,sallie.lehner@gmail.com
725,Female,23,70,29,stoltenberg.ewald@johns.info
726,Male,23,5678,77,lisandro.ernser@yahoo.com
727,Female,43,71,35,sadye.kshlerin@jones.org
728,Male,40,71,95,milford83@nicolas.com
729,Female,59,71,11,dmclaughlin@rowe.com
730,Female,38,71,75,carson.mante@hotmail.com
731,Male,47,71,9,nrolfson@kilback.com
732,Female,39,71,75,meaghan.heaney@yahoo.com
733,Male,25,72,34,ortiz.easter@rowe.com
734,Male,31,72,71,mhill@yahoo.com
735,Female,35,500,5,ruecker.conner@yahoo.com
736,Female,29,73,88,gquigley@gmail.com
737,Female,44,73,7,swindler@hill.org
738,Female,32,333,73,dkub@olson.com
739,Female,19,74,10,corwin.stanford@hotmail.com
740,Female,35,74,72,rkuhn@gmail.com
741,Female,57,75,5,josephine.kemmer@hotmail.com
742,Male,32,75,93,felipa.larkin@white.info
743,Male,28,76,40,xtromp@bergstrom.com
744,Female,32,23,87,mgrant@gmail.com
745,Female,25,77,12,awitting@osinski.com
746,Female,28,77,97,nemard@walter.net
747,Female,25,77,36,adams.ambrose@koelpin.com
748,Female,32,77,74,henriette.mueller@yahoo.com
749,Female,34,78,22,koepp.easter@yahoo.com
750,Female,34,230,90,roma62@grady.com
751,Female,43,78,17,marquardt.claud@yahoo.com
752,Male,39,78,88,buford.rath@gerhold.com
753,Female,44,78,20,clementine.grady@senger.com
754,Male,38,78,76,miller.carroll@nitzsche.com
755,Female,23,78,16,schaden.pearline@huels.com
756,Male,27,78,89,itremblay@gmail.com
757,Female,37,78,1,kling.ladarius@gmail.com
758,Male,30,78,78,mann.cathryn@collins.net
759,,34,,1,dhagenes@rowe.com
760,Male,30,78,73,lakin.lionel@oreilly.com
761,Male,56,79,35,walker.karlee@ratke.biz
762,Male,29,79,83,josie.bergnaum@hotmail.com
763,Female,44,230,5,bulah92@leannon.info
764,Female,44,81,93,ykris@hotmail.com
765,Male,50,85,26,lauretta52@heidenreich.com
766,Male,36,85,75,juanita.kub@padberg.com
767,Female,42,86,20,ellie.greenfelder@zulauf.com
768,Female,33,86,95,douglas.mia@hotmail.com
769,Male,36,87,27,micheal.kautzer@hotmail.com
770,Female,32,87,63,kautzer.cory@zboncak.com
771,Male,40,87,13,watsica.leif@romaguera.com
772,Female,28,450,75,jhuels@auer.biz
773,Female,43,87,10,prosacco.aurore@hotmail.com
774,Female,36,87,92,ktromp@kulas.com
775,Male,52,88,13,sarina37@kirlin.info
776,Male,30,88,86,hilma23@yahoo.com
777,Female,58,88,15,adelia17@simonis.org
778,Male,27,88,69,carmella.wiza@hotmail.com
779,Female,59,345,14,nicolas.gerry@yahoo.com
780,Female,35,93,90,rosenbaum.kiarra@bogisich.com
781,Male,37,97,32,cordie91@jenkins.biz
782,Male,32,97,86,hattie.wuckert@altenwerth.com
783,Male,46,98,15,zackary78@stehr.net
784,Female,29,890,88,hauck.flo@bernhard.org
785,Female,60,99,39,nolan.laurine@yahoo.com
786,Male,50,99,97,trevor24@hotmail.com
787,Female,54,101,24,mccullough.pascale@corkery.com
788,Female,28,101,68,mekhi.mraz@hotmail.com
789,Female,41,103,17,abbott.river@gmail.com
790,Female,36,103,85,garret74@considine.com
791,Female,34,103,23,caitlyn33@collins.com
792,Male,32,55,69,alycia.lindgren@hotmail.com
793,Male,33,1132,8,geovanny83@gmail.com
794,Female,38,113,91,sbalistreri@yahoo.com
795,Female,47,120,16,lynn.hackett@yahoo.com
796,Male,23,120,,reyes18@hettinger.net
797,Female,45,126,28,muriel47@lehner.org
798,Female,32,145,74,alberta.kub@carter.com
799,Male,32,450,18,fbernier@hotmail.com 
800,Male,59,137,83,qgoldner@leuschke.com
801,Female,29,137,39,keebler.bria@yahoo.com
802,Female,21,15,81,greta.miller@murray.info
803,Male,55,200,6,cjast@gmail.com
804,Male,23,16,77,mallie07@hotmail.com
805,Male,31,45,40,nienow.eusebio@jacobs.org
806,Female,18,17,76,eliane.oconner@gmail.com
807,Female,35,17,6,pabernathy@metz.info
808,Male,23,18,94,abigayle61@jacobi.com
809,Male,64,44,3,vbrown@gislason.com
810,Male,30,19,72,pat.champlin@hotmail.com
811,Male,67,19,14,rolfson.cydney@spencer.com
812,Female,35,19,99,jkoch@hotmail.com
813,Female,58,19,15,lakin.kamron@kassulke.com
814,Male,24,20,77,ilebsack@yahoo.com
815,Female,37,234,13,conroy.kip@hotmail.com
816,Female,22,20,79,teagan.wisozk@veum.com
817,Female,53,20,35,jerrold.davis@marquardt.com
818,Female,20,21,66,gkling@goodwin.com
819,Female,52,34,29,eloisa12@berge.com
820,Female,35,23,98,willms.dell@gmail.com
821,Male,,23,35,roberts.keyshawn@daniel.com
822,Female,25,24,73,lbarton@gmail.com
823,Female,46,24,5,tstehr@gislason.com
824,Male,31,25,73,kelsi.nitzsche@mccullough.org
825,Female,39,25,14,swift.paige@yahoo.com
826,Female,29,28,82,talon.kiehn@hahn.biz
827,Male,45,28,32,olson.milford@bradtke.info
828,Male,35,28,61,drippin@kertzmann.biz
829,Male,40,28,31,kelton58@rowe.com
830,Male,23,24,87,ursula97@yahoo.com
831,Male,60,29,4,lavada87@gmail.com
832,Male,21,30,73,rosenbaum.jacques@cartwright.org
833,Female,53,30,4,garmstrong@yahoo.com
834,Female,18,33,92,tania85@donnelly.com
835,Male,28,123,14,nlind@gmail.com
836,Female,21,33,81,monahan.ruth@boyer.org
837,Female,42,33,17,simone58@yahoo.com
838,Male,30,34,73,botsford.ottilie@rodriguez.com
839,Male,36,34,26,cyrus64@bashirian.biz
840,Female,20,456,75,ayana.parker@schroeder.com
841,Female,65,23,35,carmel78@yahoo.com
842,Male,24,38,92,gusikowski.cameron@bartoletti.com
843,Female,48,38,36,eleanore.walter@quigley.com
844,Female,45,39,61,torphy.oda@gmail.com
845,Male,21,39,28,maximus.gibson@connelly.com
846,Male,24,33,65,preilly@yahoo.com
847,Male,50,39,55,hoeger.jaleel@prohaska.com
848,Female,27,40,47,gusikowski.alize@harvey.com
849,Female,29,40,42,fadams@kuphal.net
850,Male,31,40,42,itoy@kohler.com
851,Male,49,40,52,tferry@yahoo.com
852,Male,33,45,60,raufderhar@yahoo.com
853,Female,31,42,54,zachery06@hotmail.com
854,Female,59,43,60,heloise.bahringer@yahoo.com
855,Female,50,43,45,parker.esta@gmail.com
856,Female,47,43,41,hosea.mueller@yahoo.com
857,Male,32,43,50,hdicki@hotmail.com
858,Female,69,44,46,ansel.littel@corwin.net
859,Male,56,44,51,steve00@yahoo.com
860,Female,53,46,46,una58@hotmail.com
861,Female,70,500,56,anna82@adams.biz
862,Female,19,46,55,heaney.derek@yahoo.com
863,Male,67,46,52,alfreda28@west.org
864,Female,19,47,59,noah.streich@oberbrunner.org
865,Male,63,47,51,wilkinson.claire@gmail.com
866,Female,18,55,59,zaria.johns@klein.biz
867,Male,43,48,50,powlowski.kyleigh@yahoo.com
868,Female,68,48,48,gilbert97@rath.com
869,Female,19,48,59,juliana.kulas@gmail.com
870,Male,32,1234,47,lamar51@schmitt.info
871,Male,32,48,55,turcotte.omari@hotmail.com
872,Male,47,49,42,layne67@jacobs.com
873,Male,60,123,49,jarred81@kovacek.com
874,Male,60,50,56,leffler.ryann@hotmail.com
875,Female,59,50,47,yhand@yahoo.com
876,Female,26,54,54,ola13@klocko.info
877,Male,67,54,53,baylee.beer@yahoo.com
878,Male,40,54,48,hyatt.monique@gmail.com
879,,23,54,52,dvon@prohaska.com
880,Male,49,54,42,goyette.jerry@terry.biz
881,Female,57,111,51,kshlerin.angelita@kozey.com
882,Female,38,54,55,witting.theodore@ullrich.com
883,Male,67,54,,dprohaska@gmail.com
884,Female,46,54,44,lacey54@gmail.com
885,Female,21,54,57,pkoepp@fisher.com
886,Male,48,54,46,hettie61@white.biz
887,Female,19,54,58,larson.moriah@murray.com
888,Male,22,222,55,rafael.murazik@bruen.com
889,Female,34,57,60,reilly.madge@yahoo.com
890,Female,50,58,46,camilla63@gmail.com
891,Female,68,58,55,grady.trey@yahoo.com
892,Female,18,59,41,emie.carroll@gmail.com
893,Male,48,3334,49,wilber48@ferry.com
894,Female,40,60,40,malinda.wolf@vandervort.com
895,Female,32,60,42,wisoky.mara@ledner.info
896,Female,24,60,52,megane.bins@gmail.com
897,Female,47,60,47,kelsi72@gmail.com
898,Male,27,60,50,fsanford@beer.net
899,Male,21,60,42,casper.anabelle@bergstrom.org
900,Male,20,61,49,ariane.luettgen@hotmail.com
901,Female,23,45,41,tamara.effertz@yahoo.com
902,Female,49,62,48,okon.alfredo@yahoo.com
903,Male,67,62,59,mraz.barrett@yahoo.com
904,Male,26,62,55,isaiah.rogahn@gibson.com
905,Female,49,62,56,wlegros@ratke.net
906,Female,21,62,42,reynolds.cruz@emmerich.com
907,Male,20,62,50,vjones@yahoo.com
908,Male,56,54,46,connor80@oconnell.com
909,Male,68,63,43,alebsack@halvorson.biz
910,Female,66,63,48,kavon.walker@koepp.biz
911,Female,65,1000,52,gabrielle.green@yahoo.com
912,Male,19,63,54,abbie13@gmail.com
913,Male,38,63,42,herman19@hotmail.com
914,Male,19,64,46,belle45@gmail.com
915,Male,18,64,48,reinger.marcia@yahoo.com
916,Female,69,65,50,terry.myrtie@hotmail.com
917,Female,63,65,43,bjacobi@gmail.com
918,Male,49,65,59,gwuckert@flatley.com
919,Female,18,65,43,zharber@gislason.org
920,Female,50,67,57,santina20@hotmail.com
921,Female,27,67,56,zlubowitz@hotmail.com
922,Female,38,67,40,mosciski.maynard@murphy.com
923,Female,40,67,58,jhomenick@roob.com
924,Female,39,44,91,fkeebler@collins.net
925,Male,23,69,29,dibbert.karl@welch.com
926,Female,23,1200,77,ddooley@yahoo.com
927,Female,43,70,35,erin.cartwright@yahoo.com
928,Male,40,71,95,davin.kemmer@bauch.com
929,Female,59,71,11,pwyman@gmail.com
930,Female,56,71,75,abernathy.alexzander@yahoo.com
931,Male,47,71,9,olaf49@yahoo.com
932,Male,39,71,75,dwunsch@kuhic.info
933,Male,25,71,34,rossie.osinski@dubuque.net
934,Male,31,72,71,tillman.torp@harber.biz
935,Male,35,72,5,otha.mann@gmail.com
936,Male,29,500,88,akashchawla3103@gmail.com
937,Female,44,73,7,wintheiser.benton@hahn.com
938,Female,32,73,73,ctorphy@gmail.com
939,Male,19,73,10,cole.boyle@casper.com
940,Female,35,74,72,mose60@hotmail.com
941,Female,66,74,5,myundt@gmail.com
942,Male,32,75,93,sluettgen@hotmail.com
943,Male,28,75,40,luisa.keebler@gmail.com
944,Female,32,76,87,vlueilwitz@yahoo.com
945,Female,25,76,12,armstrong.astrid@ledner.net
946,Male,28,77,97,hodkiewicz.kennedy@windler.com
947,Female,22,234,36,cormier.darby@ledner.com
948,Female,32,77,74,aiden09@kemmer.com
949,Male,34,77,22,yolanda41@hotmail.com
950,Male,34,78,90,choeger@hotmail.com
951,Male,43,230,17,berge.imogene@mcdermott.com
952,Female,39,78,88,alexzander85@yahoo.com
953,Female,44,78,20,kihn.hannah@boyle.com
954,Male,38,78,76,kihn.deonte@hotmail.com
955,Male,47,78,16,alakin@hotmail.com
956,Male,27,78,,fwilkinson@hotmail.com
957,Female,37,78,1,alejandra54@gmail.com
958,Female,30,78,78,ycasper@spencer.biz
959,Female,56,78,1,domenica.gaylord@schimmel.com
960,Female,30,78,73,elwyn20@schulist.org
961,Male,56,78,35,icie.weissnat@gmail.com
962,Female,29,79,83,pbaumbach@yahoo.com
963,Male,44,79,5,tkris@gmail.com
964,Female,31,81,93,feeney.wendy@yahoo.com
965,Female,50,81,26,quincy.goyette@gmail.com
966,Female,36,85,75,rita41@kerluke.com
967,Male,42,85,20,harber.clementina@yahoo.com
968,Female,44,1300,95,jbahringer@hotmail.com
969,Male,36,,27,dana99@buckridge.com
970,Female,32,87,63,kyra22@nitzsche.net
971,Male,40,87,13,irving.jones@yahoo.com
972,Female,28,87,75,eudora27@gmail.com
973,Female,43,87,10,bins.summer@yahoo.com
974,Male,36,87,92,roy.wilkinson@kuvalis.biz
975,Male,52,87,13,ernser.tristian@krajcik.net
976,Male,30,88,86,kerluke.nina@yahoo.com
977,Male,33,88,15,charity30@hotmail.com
978,Male,27,88,69,esta.cole@yahoo.com
979,Female,59,88,14,sim.hilpert@denesik.biz
980,Female,35,345,90,chad10@schmitt.com
981,Male,37,93,32,rey.keeling@reinger.com
982,Male,32,97,86,mateo.dare@gmail.com
983,Male,46,97,15,river.schroeder@schinner.com
984,Male,29,98,88,kpfannerstill@brown.info
985,Female,41,98,,noelia.gibson@pagac.com
986,Female,50,99,97,hartmann.george@yahoo.com
987,Male,54,99,24,ritchie.loren@hartmann.com
988,Female,28,101,68,mante.schuyler@hotmail.com
989,Female,41,101,17,sporer.juana@wunsch.biz
990,Male,36,103,85,dhahn@yahoo.com
991,Female,34,103,23,strosin.sylvia@gmail.com
992,Male,32,103,69,caesar.schimmel@gmail.com
993,Female,33,55,8,kkemmer@hotmail.com
994,Female,38,113,91,feest.kallie@powlowski.com
995,Female,47,113,16,oheidenreich@gmail.com
996,Female,23,120,79,williamson.monserrat@yahoo.com
997,Male,45,120,28,awelch@gmail.com
998,Female,32,126,74,nyundt@upton.org
999,Female,32,145,18,ethan.bashirian@bednar.com
1000,Female,59,450,83,theron.moore@boyer.com
1001,Male,53,46,46,dalton72@gmail.com
1002,Male,70,46,56,margot96@hotmail.com
1003,Male,19,46,55,golden.ondricka@yahoo.com
1004,Female,67,47,52,bulah.kunde@gmail.com
1005,Female,54,47,59,lilyan65@gmail.com
1006,Male,63,48,51,piper.skiles@gmail.com
1007,Male,18,48,59,pasquale.hilpert@yahoo.com
1008,Female,43,48,50,antonio_walsh44@yahoo.com
1009,Female,68,460,48,leopold5@hotmail.com
1010,Male,19,48,59,charlene_lueilwitz@gmail.com
1011,Female,32,48,47,eugenia_hartmann@hotmail.com
1012,Male,70,49,55,anderson.heathcote79@yahoo.com
1013,Female,47,49,67,lorena.kiehn@gmail.com
1014,Female,60,50,49,darron_deckow94@yahoo.com
1015,Female,60,1111,66,cayla.collins@hotmail.com
1016,Male,,54,47,alec.jast43@gmail.com
1017,Male,26,54,54,kamren42@yahoo.com
1018,Female,45,54,53,toni_kling11@yahoo.com
1019,Male,40,222,48,hailee.mueller@hotmail.com
1020,Female,23,54,52,owen_stehr14@hotmail.com
1021,,49,54,42,jameson_skiles@hotmail.com
1022,Male,57,54,89,ernie47@gmail.com
1023,Male,38,3333,55,iva_kshlerin@gmail.com
1024,Male,67,54,49,alvera49@gmail.com
1025,Female,46,54,44,devyn_davis77@gmail.com
1026,Female,21,54,23,gerda_abernathy@gmail.com
1027,Male,48,54,46,tate_emmerich1@yahoo.com
1028,Female,55,57,58,thelma.kuphal18@gmail.com
1029,Female,22,57,71,ezekiel38@hotmail.com
1030,Female,34,58,60,fern_welch@yahoo.com
1031,Female,50,555,46,raoul.lueilwitz@yahoo.com
1032,Female,68,59,55,janice93@hotmail.com
1033,Male,18,59,41,marty.lemke93@yahoo.com
1034,Male,48,345,49,tillman_gleason43@yahoo.com
1035,Female,40,,40,elinore42@yahoo.com
1036,Female,32,60,42,rosalia15@yahoo.com
1037,Male,24,60,52,devante18@gmail.com
1038,Female,47,60,45,jazlyn.waters34@yahoo.com
1039,Female,27,60,77,corrine.hansen@gmail.com
1040,Male,48,610,42,damaris_ullrich@gmail.com
1041,Male,20,61,49,lucio.ratke10@gmail.com
1042,Female,23,62,41,abbey.harber62@gmail.com
1043,Female,49,62,48,estella1@gmail.com
1044,Male,67,62,59,anthony_schoen89@hotmail.com
1045,Male,26,62,55,jan5@hotmail.com
1046,Male,49,62,56,gunner.gleichner76@hotmail.com
1047,Female,21,62,42,theron54@hotmail.com
1048,Female,66,63,50,alaina_lesch57@yahoo.com
1049,Male,54,63,46,aiyana.beier@yahoo.com
1050,Male,68,63,43,donato_bruen86@yahoo.com
1051,Male,66,63,78,lukas.hilpert@hotmail.com
1052,Male,65,1112,52,cade43@yahoo.com
1053,Female,19,63,54,noah.corwin80@yahoo.com
1054,Female,38,64,42,carleton47@yahoo.com
1055,Male,19,900,46,kody.gusikowski0@hotmail.com
1056,Female,18,65,48,esperanza.west@yahoo.com
1057,Female,19,65,50,cassandra38@yahoo.com
1058,Female,,678,43,norris.mccullough@yahoo.com
1059,Female,49,65,59,mitchel65@hotmail.com
1060,Female,51,67,43,taya66@hotmail.com
1061,Female,50,67,57,favian98@gmail.com
1062,Male,27,67,56,charity_medhurst17@gmail.com
1063,Female,38,67,55,moriah.kozey14@hotmail.com
1064,Female,40,69,58,pete_reynolds18@hotmail.com
1065,Male,39,69,91,robb_jast57@hotmail.com
1066,Female,23,70,29,gust80@hotmail.com
1067,Female,31,70,77,violette_hamill49@yahoo.com
1068,Male,43,71,35,fabian.krajcik2@gmail.com
1069,Male,40,71,95,martine26@yahoo.com
1070,Male,59,999,11,flossie56@hotmail.com
1071,Male,38,71,75,joe46@yahoo.com
1072,Male,47,71,9,emmy.west28@gmail.com
1073,Male,39,71,75,lisette_witting96@gmail.com
1074,Female,25,72,34,isaias_yundt@hotmail.com
1075,Female,31,72,71,kyla.kreiger@gmail.com
1076,Male,20,73,5,braden.jakubowski13@yahoo.com
1077,Female,29,73,88,kathryne.windler@hotmail.com
1078,Female,44,73,7,wilfredo.schuster10@yahoo.com
1079,Male,32,890,73,daisy_muller@yahoo.com
1080,Male,19,74,10,tiana_feest@gmail.com
1081,Female,35,74,72,casimir.bernhard@gmail.com
1082,Female,57,75,5,alanna49@hotmail.com
1083,Male,32,,93,darwin_grant@hotmail.com
1084,Female,28,76,40,dedric_wisozk13@hotmail.com
1085,Female,32,1000,87,angie_feeney80@yahoo.com
1086,Male,25,77,12,lenny_adams14@gmail.com
1087,Male,28,77,97,linnie.bashirian@yahoo.com
1088,Male,48,77,36,emmet_kutch58@yahoo.com
1089,Female,32,77,56,itzel_blanda@yahoo.com
1090,Female,34,78,22,heath_franecki@hotmail.com
1091,Male,34,78,90,tina.zulauf46@gmail.com
1092,Male,43,78,17,emerson.ritchie56@gmail.com
1093,Male,39,78,88,marietta.rosenbaum89@gmail.com
1094,Female,44,7689,20,blanca_mertz54@yahoo.com
1095,Female,38,78,76,dessie75@hotmail.com
1096,Female,47,78,16,tia.daniel58@yahoo.com
1097,Female,27,56,19,precious_erdman@gmail.com
1098,Male,37,78,55,judy.satterfield@hotmail.com
1099,Female,30,78,78,annabelle.labadie11@hotmail.com
1100,Male,34,99,1,claude_macejkovic@gmail.com
1101,Female,30,78,73,kiley5@hotmail.com
1102,Female,29,137,39,madalyn19@hotmail.com
1103,Female,21,15,81,mekhi.rolfson67@yahoo.com
1104,Male,55,200,6,green58@yahoo.com
1105,Male,23,16,77,adele51@hotmail.com
1106,Male,31,45,40,jalon59@hotmail.com
1107,Female,18,17,76,lelah.boehm@yahoo.com
1108,Female,35,17,6,macy6@yahoo.com
1109,Male,23,18,94,rene_lemke7@yahoo.com
1110,Male,64,44,3,khalil30@yahoo.com
1111,Male,30,19,72,loraine24@yahoo.com
1112,Male,67,19,14,kaci_bauch55@gmail.com
1113,Female,35,190,56,ashleigh.wolff@hotmail.com
1114,Female,58,19,15,eve.daugherty2@gmail.com
1115,Male,24,20,77,rubie12@gmail.com
1116,Female,37,234,13,timmy79@hotmail.com
1117,Female,22,20,79,richmond.conn@yahoo.com
1118,Female,53,20,35,darian34@yahoo.com
1119,Female,20,21,66,sandra.boehm9@gmail.com
1120,Female,52,34,29,tierra_stiedemann@hotmail.com
1121,Female,35,23,98,tom.gusikowski15@hotmail.com
1122,Male,,23,35,carolyn.jast@hotmail.com
1123,Female,25,24,73,jermey.beahan@yahoo.com
1124,Female,46,24,5,annalise6@hotmail.com
1125,Male,31,25,34,reilly50@yahoo.com
1126,Female,39,2345,14,judd.erdman97@gmail.com
1127,Female,29,28,82,juanita66@hotmail.com
1128,Male,45,28,32,amely73@hotmail.com
1129,Male,35,28,61,jazmin_wiza8@gmail.com
1130,Male,40,28,31,noah.schiller@gmail.com
1131,Male,23,24,87,barney.reynolds@hotmail.com
1132,Male,60,29,4,etha49@hotmail.com
1133,Male,21,30,73,bryce_von8@hotmail.com
1134,Female,53,30,4,katharina.stroman89@hotmail.com
1135,Female,18,33,92,camille_lind0@yahoo.com
1136,Male,28,123,14,pascale.wilkinson26@yahoo.com
1137,Female,21,33,81,bret.leuschke@hotmail.com
1138,Female,42,112,17,woodrow88@yahoo.com
1139,Male,30,34,73,kellen_jenkins36@gmail.com
1140,Male,36,34,90,salma.bashirian19@hotmail.com
1141,Female,20,456,75,elian_hagenes@gmail.com
1142,Female,65,23,35,leanna.anderson30@hotmail.com
1143,Male,24,38,92,brendon.green40@yahoo.com
1144,Female,48,38,36,fay9@hotmail.com
1145,Female,45,39,61,erna_cormier18@hotmail.com
1146,Male,21,39,28,rick.schaden@yahoo.com
1147,Male,24,567,65,christ8@hotmail.com
1148,Male,50,39,55,randall_rogahn86@gmail.com
1149,Female,27,40,11,kristian_bins@yahoo.com
1150,Female,29,40,42,edwardo_moore@hotmail.com
1151,Male,31,40,42,rachael88@gmail.com
1152,Male,49,40,52,lewis66@yahoo.com
1153,Male,33,45,60,mac26@yahoo.com
1154,Female,31,42,54,jairo.wuckert@yahoo.com
1155,Female,59,43,60,vaughn71@gmail.com
1156,Female,50,900,45,terrance43@hotmail.com
1157,Female,47,43,41,madisen_cartwright@hotmail.com
1158,Male,32,43,50,barrett81@hotmail.com
1159,Female,69,44,46,frederik.bernhard82@yahoo.com
1160,Male,56,44,51,gracie_vonrueden@hotmail.com
1161,Female,53,46,46,dorthy.grady@hotmail.com
1162,Female,70,500,56,retha_yundt@gmail.com
1163,Female,19,46,55,fredy_bogan@hotmail.com
1164,Male,67,46,52,ryann_lesch@gmail.com
1165,Female,19,344,59,clemmie.bergstrom@yahoo.com
1166,Male,63,47,51,douglas.bahringer@hotmail.com
1167,Female,18,55,59,tina36@hotmail.com
1168,Male,43,48,50,dion_anderson83@gmail.com
1169,Female,68,48,48,delores.hodkiewicz@gmail.com
1170,Female,19,48,59,gladys_marks@yahoo.com
1171,Male,32,1234,47,jovani_skiles@gmail.com
1172,Male,32,48,55,alberto76@yahoo.com
1173,Male,47,49,42,davon15@hotmail.com
1174,Male,60,661,49,karelle.brekke23@yahoo.com
1175,Male,60,50,56,louvenia.marquardt5@gmail.com
1176,Female,59,50,47,megane_hettinger@gmail.com
1177,Female,26,54,54,nash_mann@yahoo.com
1178,Male,67,54,53,pattie_schimmel12@hotmail.com
1179,Male,40,54,48,twila13@hotmail.com
1180,,23,54,52,quinton.mohr90@hotmail.com
1181,Male,49,54,42,leon17@hotmail.com
1182,Female,57,111,51,maybell.franecki95@hotmail.com
1183,Female,38,54,55,carter_hirthe41@gmail.com
1184,Male,67,54,,nathanael_mayer@yahoo.com
1185,Female,46,54,44,orval97@hotmail.com
1186,Female,21,54,57,liliane97@gmail.com
1187,Male,48,54,46,loren_sanford@gmail.com
1188,Female,19,54,58,daryl62@hotmail.com
1189,Male,22,222,55,bella10@yahoo.com
1190,Female,34,57,11,khalil_effertz65@hotmail.com
1191,Female,50,58,46,amiya61@gmail.com
1192,Female,68,58,55,brigitte42@gmail.com
1193,Female,18,59,41,alexandre.armstrong18@gmail.com
1194,Male,48,3334,49,don.kuhlman@hotmail.com
1195,Female,40,60,40,dusty89@yahoo.com
1196,Female,32,60,42,annabell26@gmail.com
1197,Female,24,60,52,johnnie.davis@gmail.com
1198,Female,47,60,47,kareem.kris35@gmail.com
1199,Male,27,60,50,gardner17@gmail.com
1200,Male,21,60,42,wendell3@gmail.com
1201,Male,20,61,49,judge51@yahoo.com
1202,Female,23,45,41,chanel5@gmail.com
1203,Female,49,62,48,friedrich.johns@yahoo.com
1204,Male,67,62,59,vilma_doyle4@gmail.com
1205,Male,26,62,77,gwen.goyette65@gmail.com
1206,Female,49,62,56,jazmyne_crona17@gmail.com
1207,Female,21,62,42,nia_huel@hotmail.com
1208,Male,20,62,50,bryce.bechtelar@hotmail.com
1209,Male,56,54,46,myrna.hamill79@hotmail.com
1210,Male,68,63,43,ardella_wiza@gmail.com
1211,Female,66,63,48,abigale9@gmail.com
1212,Female,65,1000,52,shanny79@hotmail.com
1213,Male,19,63,54,sanford84@yahoo.com
1214,Male,38,63,42,zoila.macgyver@gmail.com
1215,Male,19,64,46,meghan_tillman@yahoo.com
1216,Male,18,234,48,luigi_lehner49@yahoo.com
1217,Female,69,65,34,danielle62@hotmail.com
1218,Female,63,65,43,dalton_volkman@yahoo.com
1219,Male,49,65,59,lamont.murray91@gmail.com
1220,Female,18,65,43,jeremie_pollich64@yahoo.com
1221,Female,50,67,57,kallie.mayert35@yahoo.com
1222,Female,27,67,56,royal.macejkovic22@yahoo.com
1223,Female,38,67,40,torrey86@gmail.com
1224,Female,40,67,58,genevieve.renner97@yahoo.com
1225,Female,39,44,91,maya.quitzon59@yahoo.com
1226,Male,23,69,29,khalid.durgan43@hotmail.com
1227,Female,23,1200,77,alfonso.quigley23@hotmail.com
1228,Female,43,70,35,jaylin84@gmail.com
1229,Male,40,71,23,lucile_brown@hotmail.com
1230,Female,59,71,11,justen.zemlak97@yahoo.com
1231,Female,56,71,75,herta42@yahoo.com
1232,Male,47,71,9,rebekah.mccullough@hotmail.com
1233,Male,39,71,75,sammie60@yahoo.com
1234,Male,25,99,34,german75@hotmail.com
1235,Male,31,72,71,dewayne.jones88@hotmail.com
1236,Male,35,72,5,eileen.lehner97@gmail.com
1237,Male,29,500,88,maryam_ankunding@yahoo.com
1238,Female,44,73,7,antone.lind@yahoo.com
1239,Female,32,73,73,elsa.homenick@yahoo.com
1240,Male,19,73,10,ivah97@gmail.com
1241,Female,35,74,72,arnoldo_cartwright90@gmail.com
1242,Female,66,74,5,morris_corwin@hotmail.com
1243,Male,32,75,93,eugenia28@hotmail.com
1244,Male,28,75,40,veronica_ankunding@hotmail.com
1245,Female,32,76,87,burdette66@gmail.com
1246,Female,25,76,11,karley.windler60@hotmail.com
1247,Male,28,77,97,myrtie_predovic@hotmail.com
1248,Female,22,234,36,bryon.barrows@yahoo.com
1249,Female,32,77,74,makenzie.waelchi65@hotmail.com
1250,Male,34,77,22,kaya_macgyver@hotmail.com
1251,Male,34,78,90,audra_jacobson@yahoo.com
1252,Male,43,230,17,mohamed33@yahoo.com
1253,Female,39,78,88,brennan3@hotmail.com
1254,Female,44,78,20,odell.lueilwitz@gmail.com
1255,Male,38,78,76,gloria35@yahoo.com
1256,Male,47,78,16,lucius96@hotmail.com
1257,Male,27,78,,grant69@gmail.com
1258,Female,37,78,1,veronica97@gmail.com
1259,Female,30,78,78,randi64@hotmail.com
1260,Female,56,78,1,junior_schmitt@gmail.com
1261,Female,30,78,73,kian_mosciski@gmail.com
1262,Male,56,78,35,silas_conroy@hotmail.com
1263,Female,29,79,83,jillian_quitzon@gmail.com
1264,Male,44,79,5,gertrude_koch@hotmail.com
1265,Female,31,81,93,silas30@gmail.com
1266,Female,50,81,26,marcelino.veum55@hotmail.com
1267,Female,36,85,75,beverly63@yahoo.com
1268,Male,42,85,20,earlene_hagenes57@gmail.com
1269,Female,44,1300,95,albertha82@gmail.com
1270,Male,36,11,27,abelardo.murray@hotmail.com
1271,Female,32,87,63,mercedes58@hotmail.com
1272,Male,40,87,13,jalyn_prosacco10@gmail.com
1273,Female,28,87,75,garett_lubowitz@hotmail.com
1274,Female,43,87,10,spencer.rohan@yahoo.com
1275,Male,36,87,92,asha_corkery64@gmail.com
1276,Male,52,87,13,jedidiah96@gmail.com
1277,Male,30,111,86,verner.conn74@gmail.com
1278,Male,33,88,15,isadore_pfeffer@yahoo.com
1279,Male,27,88,69,ruthe.funk@yahoo.com
1280,Female,59,88,14,kira55@yahoo.com
1281,Female,35,345,90,christine.botsford30@hotmail.com
1282,Male,37,93,32,aric_torp33@yahoo.com
1283,Male,32,97,86,aida_bernier@yahoo.com
1284,Male,46,97,15,lexie_ritchie@yahoo.com
1285,Male,29,98,88,sabina17@hotmail.com
1286,Female,41,98,,grace_russel@gmail.com
1287,Female,50,99,97,keith.jacobson@hotmail.com
1288,Male,54,99,24,flavio_waters45@hotmail.com
1289,Female,28,101,68,tessie_upton@gmail.com
1290,Female,41,101,17,alana68@gmail.com
1291,Male,36,103,85,jules_mayer@hotmail.com
1292,Female,34,103,23,elnora91@hotmail.com
1293,Male,32,103,69,claire_thiel@yahoo.com
1294,Female,33,55,8,blake.lind@yahoo.com
1295,Female,38,113,91,antonia92@yahoo.com
1296,Female,47,113,16,florian_gulgowski79@gmail.com
1297,Female,23,120,79,gay81@yahoo.com
1298,Male,45,120,28,francisco.turcotte64@yahoo.com
1299,Female,32,126,74,kylee.langworth61@hotmail.com
1300,Female,32,145,18,kiley_wilkinson@gmail.com
1301,Female,59,450,83,bradley22@hotmail.com
1302,Male,59,137,83,alanis.kuphal@yahoo.com
1303,Male,29,120,39,lew_nolan26@gmail.com
1304,Male,21,15,81,christine.abbott@yahoo.com
1305,Female,55,16,6,laverne.mclaughlin94@gmail.com
1306,Female,23,16,77,jayde.mccullough@gmail.com
1307,Female,31,130,40,joshuah.sanford@hotmail.com
1308,Female,18,17,76,dale_schulist@gmail.com
1309,Female,35,18,6,torrance69@hotmail.com
1310,Female,23,18,94,catherine92@hotmail.com
1311,Male,64,19,3,clark_osinski@yahoo.com
1312,Female,30,777,72,maryam.harvey@yahoo.com
1313,Male,67,19,14,morgan63@yahoo.com
1314,Female,35,19,99,beverly20@yahoo.com
1315,Female,58,20,15,nathanael_kertzmann84@gmail.com
1316,Female,24,20,77,bradley51@gmail.com
1317,Male,37,200,13,delbert16@gmail.com
1318,Male,22,20,79,dillon87@yahoo.com
1319,Female,53,21,35,camille60@hotmail.com
1320,Male,20,21,66,aaron6@hotmail.com
1321,Male,52,23,29,darius37@yahoo.com
1322,,35,23,98,jayce.stehr@gmail.com
1323,Male,31,24,35,gavin_hilpert84@yahoo.com
1324,Male,25,66,73,johanna.dooley38@gmail.com
1325,Female,46,25,5,willard5@hotmail.com
1326,Male,31,25,73,susan.goldner@gmail.com
1327,Female,39,28,14,watson_conn8@gmail.com
1328,Male,29,28,82,bobby_okeefe23@hotmail.com
1329,Female,45,28,32,otis.toy6@hotmail.com
1330,Male,35,88,,kenna_barrows@hotmail.com
1331,Female,40,29,31,hollie_wolf57@hotmail.com
1332,Female,23,29,87,mellie_powlowski@gmail.com
1333,Male,60,300,4,elnora_sporer34@hotmail.com
1334,Female,21,30,73,jaycee_mueller56@gmail.com
1335,Male,53,33,4,myrtie_robel33@gmail.com
1336,Male,18,33,92,alexie.ferry@gmail.com
1337,Female,28,33,14,katharina22@yahoo.com
1338,Female,21,33,81,berniece63@gmail.com
1339,Female,42,34,17,stewart72@yahoo.com
1340,Female,30,34,73,kyler_skiles@hotmail.com
1341,Female,36,37,26,verna_hane18@gmail.com
1342,Female,20,37,75,pasquale65@yahoo.com
1343,Female,65,100,35,kacie.rodriguez40@yahoo.com
1344,Male,24,38,92,rene.kris@yahoo.com
1345,Male,48,39,36,carol25@yahoo.com
1346,Female,45,39,61,providenci.abshire@hotmail.com
1347,Female,21,39,28,eliezer.wunsch@hotmail.com
1348,Female,24,230,65,hildegard.baumbach@hotmail.com
1349,Female,50,40,55,suzanne_will3@yahoo.com
1350,Female,27,40,47,emiliano.jacobs79@yahoo.com
1351,Female,29,40,42,juanita32@yahoo.com
1352,Female,31,1100,42,shanel_heidenreich61@yahoo.com
1353,Female,49,42,52,kolby40@yahoo.com
1354,Male,33,42,60,dejon_fritsch15@hotmail.com
1355,Female,31,43,54,diana.reinger10@gmail.com
1356,Male,59,43,60,beaulah45@yahoo.com
1357,Female,50,43,45,leonora_quitzon@gmail.com
1358,Male,47,43,41,carolina.mosciski@gmail.com
1359,Female,32,44,50,tyrique60@hotmail.com
1360,Male,69,450,46,kamren25@yahoo.com
1361,Female,56,46,51,chelsey_treutel49@gmail.com
1362,Male,53,46,46,maynard_kautzer@hotmail.com
1363,Male,70,46,56,leilani_mraz4@yahoo.com
1364,Male,19,1234,55,sabrina_denesik@yahoo.com
1365,Female,67,1000,52,luisa.casper@hotmail.com
1366,Female,19,47,59,berta.thompson35@yahoo.com
1367,Male,63,48,51,karina51@yahoo.com
1368,Male,18,48,59,clint70@gmail.com
1369,Female,43,48,50,della_ohara89@gmail.com
1370,Female,68,48,48,christian.hessel@hotmail.com
1371,Male,19,34,59,guillermo.greenfelder@hotmail.com
1372,Female,32,48,47,khalid.predovic53@yahoo.com
1373,Male,32,49,55,arturo_ratke@yahoo.com
1374,Female,47,49,42,adrain.gerlach77@gmail.com
1375,Female,60,50,49,thomas.adams@yahoo.com
1376,Female,60,111,56,hayley3@hotmail.com
1377,Male,59,54,47,gabrielle.grimes58@gmail.com
1378,Male,26,54,54,kennedy47@gmail.com
1379,Female,67,54,53,herta_kuphal@yahoo.com
1380,Male,40,456,48,erling_dare44@hotmail.com
1381,Female,23,54,52,hailee_jones77@gmail.com
1382,Female,49,54,42,esta_kuphal@yahoo.com
1383,Male,57,54,51,shaina_schoen27@gmail.com
1384,Male,38,54,55,simone68@gmail.com
1385,Male,67,54,41,mack_pfannerstill@gmail.com
1386,Female,46,54,44,polly92@hotmail.com
1387,Female,21,54,57,aurelio_murphy@gmail.com
1388,Male,48,54,46,kian.mosciski@yahoo.com
1389,Female,19,678,58,therese.willms@yahoo.com
1390,Female,22,57,55,sylvester.cummerata@gmail.com
1391,Female,34,58,60,merle.gottlieb@hotmail.com
1392,Female,50,58,46,mossie_hettinger@hotmail.com
1393,Female,68,59,55,jerry.erdman85@hotmail.com
1394,Male,18,4322,41,effie.dicki@hotmail.com
1395,Male,48,60,49,britney_rutherford@yahoo.com
1396,Female,40,60,40,braxton.considine8@gmail.com
1397,Female,32,60,42,chauncey_kuhic2@yahoo.com
1398,Male,24,60,52,geovanny62@gmail.com
1399,Female,47,60,47,jennie.lakin@gmail.com
1400,Female,27,60,50,helena.padberg@hotmail.com
1401,Male,21,890,42,andy_jerde@yahoo.com
1402,Male,20,61,49,earnest94@gmail.com
1403,Female,23,62,41,miguel.hansen@gmail.com
1404,Female,49,62,48,clovis.auer@hotmail.com
1405,Male,67,62,59,lamar_satterfield@yahoo.com
1406,Male,26,7890,55,eunice_romaguera@gmail.com
1407,Male,49,62,56,frida_padberg98@hotmail.com
1408,Female,21,62,42,verner_rogahn78@gmail.com
1409,Female,20,63,50,anais_schultz14@gmail.com
1410,Male,56,670,46,jerrod_schimmel99@gmail.com
1411,Male,68,63,43,flossie45@yahoo.com
1412,Male,66,63,48,earl90@gmail.com
1413,Male,65,63,52,jerrold13@gmail.com
1414,Female,19,63,54,ashly.connelly@hotmail.com
1415,Female,38,64,42,javier.walker86@hotmail.com
1416,Male,19,64,46,adrien.ziemann28@yahoo.com
1417,Female,18,65,48,dee.adams@hotmail.com
1418,Female,69,65,50,grayson_johnston38@gmail.com
1419,Female,63,1200,43,chelsea47@hotmail.com
1420,Female,49,65,59,julio_ondricka41@gmail.com
1421,Female,18,67,43,alexandra.beer94@hotmail.com
1422,Female,50,67,57,isabel.kilback61@hotmail.com
1423,Male,27,67,56,cullen.streich84@yahoo.com
1424,Female,38,1167,40,buford66@yahoo.com
1425,Female,40,69,58,loma.satterfield75@gmail.com
1426,Male,39,69,91,bettie_hegmann29@gmail.com
1427,Female,,70,29,aaron8@yahoo.com
1428,Female,23,1234,77,modesta_daniel29@hotmail.com
1429,Male,43,71,35,cayla4@yahoo.com
1430,Male,40,71,95,nona_abernathy@yahoo.com
1431,Male,59,71,11,danyka98@yahoo.com
1432,Male,56,71,75,tito10@yahoo.com
1433,Male,47,71,9,darby74@gmail.com
1434,Male,39,71,75,adrain15@gmail.com
1435,Female,25,72,34,ernest.reinger13@gmail.com
1436,Female,31,72,71,jannie.frami@hotmail.com
1437,Male,35,3456,5,nolan.leffler98@hotmail.com
1438,Female,29,73,88,geovanny_hayes74@gmail.com
1439,Female,44,73,7,torey58@gmail.com
1440,Male,32,,73,ettie_schoen27@hotmail.com
1441,Male,19,74,10,anthony_windler@yahoo.com
1442,Female,35,120,72,adriel70@hotmail.com
1443,Female,66,75,5,asia34@yahoo.com
1444,Male,32,75,93,reese_grimes91@gmail.com
1445,Female,28,76,40,ismael_moore@gmail.com
1446,Female,32,76,87,herminio_erdman@gmail.com
1447,Male,25,77,12,stanton.mckenzie@yahoo.com
1448,Male,28,123,97,jamir.kub78@yahoo.com
1449,Male,22,77,36,jimmie.green@gmail.com
1450,Female,32,77,74,susie.lebsack25@hotmail.com
1451,Female,34,78,22,athena69@yahoo.com
1452,Male,34,78,90,candido49@gmail.com
1453,Male,43,78,17,alayna_rogahn40@gmail.com
1454,Male,39,780,88,noel_wilkinson@hotmail.com
1455,Female,44,78,20,eldora99@hotmail.com
1456,Female,38,78,76,celestino_waters47@hotmail.com
1457,Female,47,78,16,sheldon30@yahoo.com
1458,Female,27,78,89,lexi.hahn@yahoo.com
1459,Male,37,78,1,aylin.barton@yahoo.com
1460,Female,30,78,78,buck4@gmail.com
1461,Male,56,78,1,cleo.carroll@yahoo.com
1462,Female,30,78,73,isom.hintz93@hotmail.com
1463,Female,56,79,35,neil.cummings93@gmail.com
1464,Female,29,79,83,norene2@hotmail.com
1465,Male,44,81,5,izaiah37@hotmail.com
1466,Female,31,56,93,enrico35@gmail.com
1467,Male,50,85,26,keagan.ryan@yahoo.com
1468,Female,36,85,75,mariam_kunze@gmail.com
1469,Male,42,7810,20,jerry71@gmail.com
1470,Female,44,86,95,xavier.price4@yahoo.com
1471,Female,36,87,27,macy.sporer11@gmail.com
1472,Male,32,666,63,phyllis.sawayn@hotmail.com
1473,Male,40,87,13,mabelle23@hotmail.com
1474,Male,28,87,75,jamey5@hotmail.com
1475,Male,43,87,10,cathryn74@gmail.com
1476,Male,36,87,92,mafalda11@gmail.com
1477,Female,52,88,13,kenny38@hotmail.com
1478,Female,30,88,86,cristal.legros@hotmail.com
1479,Male,33,88,15,elyssa_greenfelder@gmail.com
1480,Male,27,88,69,jillian_murazik2@gmail.com
1481,Male,59,112,14,giovanni14@hotmail.com
1482,Male,35,93,90,vivianne_doyle88@gmail.com
1483,Female,37,97,32,keely_wilderman25@hotmail.com
1484,Female,32,987,86,florencio_windler@gmail.com
1485,Male,46,98,15,augusta63@gmail.com
1486,Female,29,98,88,russel_kunze90@hotmail.com
1487,Female,41,99,39,coralie56@yahoo.com
1488,Male,50,99,97,rhett_hermann@hotmail.com
1489,Female,54,101,24,christopher.waelchi@yahoo.com
1490,Male,28,101,68,nathaniel35@hotmail.com
1491,Female,41,103,17,elody23@gmail.com
1492,Female,36,103,85,cleve4@yahoo.com
1493,Female,34,1030,23,virginie.harris63@yahoo.com
1494,Female,32,103,69,emmy_homenick@hotmail.com
1495,Male,33,113,8,brook.marks@hotmail.com
1496,Female,38,113,91,trey74@gmail.com
1497,Female,47,120,16,stephany.johnston32@hotmail.com
1498,Female,23,120,79,elza0@hotmail.com
1499,Female,45,126,28,adell_gislason37@gmail.com
1500,Male,32,126,74,glenda23@yahoo.com
1501,Male,32,137,18,lizeth32@hotmail.com
1502,Male,59,137,83,shanel.toy7@yahoo.com
1503,Female,29,15,39,anais_heidenreich@yahoo.com
1504,Female,21,20,81,gregg_white@gmail.com
1505,Male,20,1123,6,idella15@yahoo.com
1506,Male,23,45,77,trisha_bernier40@hotmail.com
1507,Male,31,17,40,madelynn.kertzmann20@hotmail.com
1508,Female,18,17,76,myron_feeney34@hotmail.com
1509,Female,35,18,6,beaulah_ferry@gmail.com
1510,Male,23,44,94,nadia40@yahoo.com
1511,Male,64,800,3,mable_murazik@gmail.com
1512,Male,30,19,,larry_wiegand1@hotmail.com
1513,Male,67,19,14,julien.wolff@hotmail.com
1514,Female,35,19,99,jennyfer.tillman87@yahoo.com
1515,Female,58,20,15,june.white@yahoo.com
1516,Male,24,55,77,beulah_lindgren@hotmail.com
1517,Female,37,111,13,monserrate.heaney@yahoo.com
1518,Female,22,20,79,briana_adams73@yahoo.com
1519,Female,53,21,35,johann14@gmail.com
1520,Female,20,34,66,marcelina.daugherty@gmail.com
1521,Female,52,23,29,malika.jacobson3@yahoo.com
1522,Female,35,23,98,jeffrey.kovacek21@yahoo.com
1523,Male,35,24,35,cheyenne16@yahoo.com
1524,Female,25,24,73,marietta_runolfsson58@hotmail.com
1525,Female,46,25,5,cory_kunde2@yahoo.com
1526,Male,31,25,73,garrett.donnelly@yahoo.com
1527,Female,39,28,78,porter.champlin@hotmail.com
1528,Female,29,28,82,josephine88@yahoo.com
1529,Male,45,234,32,johann25@hotmail.com
1530,Male,35,28,61,ceasar25@yahoo.com
1531,Male,40,24,31,clay_adams62@yahoo.com
1532,Male,23,234,87,brooke62@hotmail.com
1533,Male,60,30,4,madonna_botsford@gmail.com
1534,Male,21,30,73,florian45@gmail.com
1535,Female,53,33,4,elva_vonrueden2@hotmail.com
1536,Female,18,123,92,cindy.nicolas99@hotmail.com
1537,Male,28,33,14,rocky.krajcik@hotmail.com
1538,Female,21,55,81,ottis_bahringer1@gmail.com
1539,Female,42,34,17,jeremy35@gmail.com
1540,Male,30,34,73,tina_morissette45@hotmail.com
1541,Male,36,37,26,kaylah_kling@hotmail.com
1542,Female,20,23,75,ruth.torp63@gmail.com
1543,Female,65,38,35,mazie74@hotmail.com
1544,Male,24,38,92,carlotta_mayer55@yahoo.com
1545,Female,48,39,36,sigrid_friesen72@hotmail.com
1546,Female,45,39,61,tiara68@gmail.com
1547,Male,49,33,28,russ65@gmail.com
1548,Male,24,39,65,julia_metz33@hotmail.com
1549,Male,50,40,55,sabrina16@yahoo.com
1550,Female,27,678,47,astrid_jaskolski@yahoo.com
1551,Female,29,40,42,edmond.willms2@yahoo.com
1552,Male,31,40,42,milo49@hotmail.com
1553,,49,45,52,lucio_feest@hotmail.com
1554,Male,33,42,60,dianna.stokes@gmail.com
1555,Female,31,43,54,anastacio_lubowitz75@yahoo.com
1556,Female,59,43,60,bartholome69@yahoo.com
1557,Female,50,43,45,tyrique_rowe38@hotmail.com
1558,Female,47,43,41,glen68@yahoo.com
1559,Male,32,44,50,nicholas99@yahoo.com
1560,Female,69,44,46,jeanette_koch38@yahoo.com
1561,Male,27,46,51,bernice_wehner44@hotmail.com
1562,Female,53,1200,46,troy65@gmail.com
1563,Female,70,46,56,aubrey33@yahoo.com
1564,Female,19,46,55,destany.pouros97@hotmail.com
1565,Male,67,444,52,ferne_lueilwitz21@hotmail.com
1566,Female,19,47,67,nolan.koss@yahoo.com
1567,Male,63,55,51,blaise35@gmail.com
1568,Female,18,48,59,trever_leuschke@yahoo.com
1569,Male,43,48,50,horacio.walter62@hotmail.com
1570,Female,68,48,48,ceasar0@gmail.com
1571,Female,19,1409,59,paul_feest@yahoo.com
1572,Male,32,48,47,gwen42@yahoo.com
1573,Male,70,49,55,imelda_connelly@hotmail.com
1574,Male,47,123,42,robbie_metz15@gmail.com
1575,Male,60,50,77,jovanny_koelpin@yahoo.com
1576,Male,60,50,56,antwan1@gmail.com
1577,Female,59,54,47,jamie_romaguera@hotmail.com
1578,Female,26,54,30,cecelia.wiegand@hotmail.com
1579,Male,67,54,53,caleigh15@yahoo.com
1580,Male,40,54,48,jolie_considine51@yahoo.com
1581,Male,23,54,52,tamia.mueller@yahoo.com
1582,Male,49,111,42,keyon_feil@yahoo.com
1583,Female,57,345,51,jedidiah.cartwright12@gmail.com
1584,Female,38,54,55,edgar.frami@hotmail.com
1585,Male,67,54,41,conner.kemmer34@gmail.com
1586,Female,,54,44,santino_mertz@hotmail.com
1587,Female,21,54,57,destinee.blick@gmail.com
1588,Male,48,54,46,pete_oconner@yahoo.com
1589,Female,45,222,58,alessandra.cole0@hotmail.com
1590,Male,22,57,55,jaylen.cummings46@yahoo.com
1591,Female,34,58,60,alize66@gmail.com
1592,Female,50,5670,46,marcel.berge@gmail.com
1593,Female,68,59,55,kennith.hickle@hotmail.com
1594,Female,18,666,41,shania.conn@hotmail.com
1595,Male,48,60,49,peter.pouros@gmail.com
1596,Female,40,120,40,aracely_wuckert@yahoo.com
1597,Female,32,60,42,sid.little46@gmail.com
1598,Female,24,60,52,mylene_waters@gmail.com
1599,Female,47,900,47,raymond_monahan28@hotmail.com
1600,Male,27,60,50,orland92@yahoo.com
1601,Male,34,61,42,kitty1@gmail.com
1602,Male,20,45,49,hettie_conroy@gmail.com
1603,Male,30,137,83,lenna19@gmail.com
1604,Male,29,15,39,alexandre39@yahoo.com
1605,Male,21,20,81,vaughn_rau@hotmail.com
1606,Female,20,16,6,stella_effertz@hotmail.com
1607,Female,23,45,77,miguel35@yahoo.com
1608,Female,31,17,40,ryan_raynor56@yahoo.com
1609,Female,18,17,76,kendrick37@yahoo.com
1610,Female,35,18,6,clarabelle79@hotmail.com
1611,Female,23,44,94,coby.nienow@gmail.com
1612,Male,64,19,3,kayleigh.ziemann@hotmail.com
1613,Female,30,19,72,stephania.blanda27@hotmail.com
1614,Male,67,1234,14,thurman_ankunding@hotmail.com
1615,Female,35,19,99,josiah25@yahoo.com
1616,Female,58,20,15,ansel_mclaughlin@gmail.com
1617,Female,24,55,77,destini_swift@hotmail.com
1618,Male,37,20,13,percy67@gmail.com
1619,Male,22,20,79,veda59@yahoo.com
1620,Female,53,21,35,delores_willms67@yahoo.com
1621,Male,20,34,66,syble_hayes@hotmail.com
1622,Male,52,23,29,kavon.schmeler58@gmail.com
1623,Female,35,999,98,lysanne91@yahoo.com
1624,Male,35,24,35,haley_torp89@gmail.com
1625,Male,25,24,73,kariane_larson12@gmail.com
1626,Female,46,25,5,watson.fisher@hotmail.com
1627,Male,31,25,73,diana16@hotmail.com
1628,Female,39,28,14,mandy_goyette@gmail.com
1629,Male,29,28,82,xavier_pagac22@yahoo.com
1630,Female,45,28,32,opal_jacobson24@yahoo.com
1631,Male,35,28,61,damien.hoppe@gmail.com
1632,Female,40,435,31,celestino.botsford81@gmail.com
1633,Female,23,29,87,wanda.batz@gmail.com
1634,Male,60,30,4,ayana.walker@hotmail.com
1635,Female,21,30,73,marjorie.johnston@yahoo.com
1636,Male,53,33,4,destin_koch@yahoo.com
1637,Male,18,123,92,charity84@gmail.com
1638,Female,28,33,14,kyra.raynor@yahoo.com
1639,Female,21,33,81,anthony59@yahoo.com
1640,Female,42,34,17,madeline.konopelski@hotmail.com
1641,Female,30,34,73,tabitha.pouros68@gmail.com
1642,Female,36,37,26,elouise_collins90@gmail.com
1643,Female,20,23,75,giovanny83@hotmail.com
1644,Female,65,222,35,geovanni.pollich5@gmail.com
1645,Male,24,38,92,elliot_stracke@yahoo.com
1646,Male,48,39,36,federico22@hotmail.com
1647,Female,45,39,61,troy.runte84@hotmail.com
1648,Female,49,33,28,keyon.abshire97@yahoo.com
1649,Female,24,39,65,claudine84@hotmail.com
1650,Female,50,670,55,otto_bosco@gmail.com
1651,Female,27,40,47,mackenzie_denesik87@hotmail.com
1652,Female,29,40,42,rebecca_upton@hotmail.com
1653,Female,31,40,42,kathlyn2@gmail.com
1654,Female,49,45,52,roger9@gmail.com
1655,Male,33,42,60,adela_friesen82@gmail.com
1656,Female,31,43,54,damien_mitchell5@hotmail.com
1657,Male,59,43,60,ona_kulas85@hotmail.com
1658,Female,50,43,45,christop.schumm@hotmail.com
1659,Male,47,660,41,brandyn_mraz56@hotmail.com
1660,,32,44,50,adolph_torp@yahoo.com
1661,Male,69,44,46,garry_kovacek@yahoo.com
1662,Female,27,46,51,susanna.durgan46@yahoo.com
1663,Male,53,666,46,dayne.schuppe62@hotmail.com
1664,Male,70,46,56,gail.dickens@yahoo.com
1665,Male,19,46,55,norberto.heaney37@gmail.com
1666,Female,67,47,52,thelma_parisian65@hotmail.com
1667,Female,19,47,59,nick_watsica@hotmail.com
1668,Male,63,450,51,shawna_cremin56@yahoo.com
1669,Male,18,48,59,gust.turcotte@gmail.com
1670,Female,43,48,50,emile.hettinger@hotmail.com
1671,Female,68,48,48,hiram86@hotmail.com
1672,Male,19,48,59,ila68@yahoo.com
1673,Female,32,48,47,camren.hahn@hotmail.com
1674,Male,70,49,55,anjali79@yahoo.com
1675,Female,47,123,42,jazmin68@gmail.com
1676,Female,60,50,49,nicklaus0@yahoo.com
1677,Female,60,500,56,milo_shields97@gmail.com
1678,Male,59,54,47,whitney_windler@yahoo.com
1679,Male,26,54,54,rocky.dietrich@hotmail.com
1680,Female,67,54,53,jake57@yahoo.com
1681,Male,40,54,48,lisandro.zboncak@hotmail.com
1682,Female,23,54,52,allan.schulist27@hotmail.com
1683,Female,49,111,42,ines75@hotmail.com
1684,Male,57,54,51,lucius.kozey68@hotmail.com
1685,Male,38,54,55,danielle.legros@gmail.com
1686,Male,67,2290,41,alessandro_hand@hotmail.com
1687,Female,46,54,44,santiago.quigley13@gmail.com
1688,Female,21,54,57,sincere0@gmail.com
1689,Male,48,54,46,toney_runolfsson19@hotmail.com
1690,Female,45,222,58,audra_hilll43@hotmail.com
1691,Female,22,57,55,trey18@hotmail.com
1692,Female,34,58,60,maximus_cassin@yahoo.com
1693,Female,50,58,46,jettie_collier@yahoo.com
1694,Female,68,59,55,austyn.bins@gmail.com
1695,Male,18,560,41,ervin64@gmail.com
1696,Male,48,60,49,emmitt63@gmail.com
1697,Female,40,60,40,ethyl_schuppe@gmail.com
1698,Female,32,60,42,heather_mohr@yahoo.com
1699,Male,24,60,36,brendon24@gmail.com
1700,Female,47,60,47,owen_ernser45@yahoo.com
1701,Female,27,60,50,paolo79@gmail.com
1702,Male,34,61,42,agustin_marvin@yahoo.com
1703,Male,20,45,49,durward_buckridge7@yahoo.com
1704,Female,23,790,41,aaliyah29@gmail.com
1705,Female,49,62,48,jordy.dibbert49@hotmail.com
1706,Male,67,62,59,dolores.aufderhar@hotmail.com
1707,Male,26,62,55,alena_hyatt73@gmail.com
1708,,49,62,56,irving_macejkovic42@yahoo.com
1709,Female,21,62,42,waino_goodwin83@hotmail.com
1710,Female,66,54,50,jess_murphy@hotmail.com
1711,Male,56,63,46,moriah_mckenzie@hotmail.com
1712,Male,68,63,43,rick_feil@hotmail.com
1713,Male,66,63,48,ambrose13@hotmail.com
1714,Male,65,63,52,lambert.beahan@gmail.com
1715,Female,19,63,54,wayne_dare@yahoo.com
1716,Female,38,64,42,danyka.smith42@gmail.com
1717,Male,19,64,46,chaya_halvorson@yahoo.com
1718,Female,18,65,48,abbie_mcclure21@yahoo.com
1719,Female,69,65,50,andreane_veum4@yahoo.com
1720,Female,63,65,43,francisca_frami63@yahoo.com
1721,Female,49,65,59,brandyn77@hotmail.com
1722,Female,51,999,43,ruth_rohan77@hotmail.com
1723,Female,50,67,57,irving67@yahoo.com
1724,Male,27,67,56,lowell_sipes@yahoo.com
1725,Female,38,67,40,delphia.wiza75@gmail.com
1726,Female,40,44,58,magnus.harber@yahoo.com
1727,Male,39,69,91,nikki12@gmail.com
1728,Female,23,70,29,loma.walker@yahoo.com
1729,Female,23,70,77,rubye_metz57@hotmail.com
1730,Male,43,71,35,leon_olson@yahoo.com
1731,Male,40,71,95,theodore47@hotmail.com
1732,Male,59,71,11,garnet_reichert@gmail.com
1733,Male,38,789,75,michael10@hotmail.com
1734,Male,47,71,9,shania.okon80@hotmail.com
1735,Male,39,71,75,trent_quitzon26@yahoo.com
1736,Female,25,72,34,keanu.schultz82@gmail.com
1737,Female,31,72,71,pat_rosenbaum21@gmail.com
1738,Male,35,500,55,lafayette_ondricka15@yahoo.com
1739,Female,29,73,88,gilda_lynch42@hotmail.com
1740,Female,44,73,7,camryn_okeefe13@hotmail.com
1741,Male,32,73,73,cyrus_von93@hotmail.com
1742,Male,19,74,10,lilla.ledner99@hotmail.com
1743,Female,35,74,72,maxime.mann58@yahoo.com
1744,Female,57,75,5,hertha5@gmail.com
1745,Male,32,908,93,quentin_schumm46@gmail.com
1746,Female,28,76,40,lamar_doyle@yahoo.com
1747,Female,32,76,87,yolanda_murazik90@hotmail.com
1748,Male,25,77,12,polly23@hotmail.com
1749,Male,28,77,97,katheryn.bogan@hotmail.com
1750,Male,25,77,36,johnnie_kautzer22@yahoo.com
1751,Female,32,77,74,nick.emard@yahoo.com
1752,Female,34,78,22,juliana_mohr3@hotmail.com
1753,Male,34,230,88,sabryna_bailey53@yahoo.com
1754,Male,43,78,17,freddy.mayert81@yahoo.com
1755,Male,39,78,88,jamison.gutkowski@hotmail.com
1756,Female,44,78,20,justine.ankunding@yahoo.com
1757,Female,38,78,76,sierra65@hotmail.com
1758,Female,23,78,16,rogers.beier@hotmail.com
1759,Female,27,78,89,benedict.johnston@hotmail.com
1760,Male,37,654,1,marta22@gmail.com
1761,Female,30,78,78,patricia_robel49@yahoo.com
1762,Male,34,78,40,forrest23@gmail.com
1763,Female,30,78,73,kaya.okuneva62@hotmail.com
1764,Female,56,79,35,rey.quitzon@gmail.com
1765,Female,29,79,83,beryl0@gmail.com
1766,Male,44,81,5,destiney26@hotmail.com
1767,Female,44,81,93,malika_powlowski@gmail.com
1768,Male,50,85,26,gillian_little12@gmail.com
1769,Female,36,85,75,noel_lowe@hotmail.com
1770,Male,42,86,20,dante52@gmail.com
1771,Female,33,86,95,katelin_wisoky@gmail.com
1772,Female,36,777,27,horace.becker53@yahoo.com
1773,Male,32,87,63,cedrick.dibbert32@hotmail.com
1774,Male,40,87,50,willa64@hotmail.com
1775,Male,28,87,75,hayley78@gmail.com
1776,Male,43,87,10,ellen28@gmail.com
1777,Male,36,87,92,randall_boyer@hotmail.com
1778,Female,52,88,13,mertie.bradtke74@gmail.com
1779,Female,30,88,86,valentine.grant@gmail.com
1780,Male,58,88,15,krista_price32@yahoo.com
1781,Male,27,88,69,dorcas_schuster@gmail.com
1782,Male,59,345,14,aiyana.botsford@yahoo.com
1783,Male,35,93,66,adam.hoeger94@gmail.com
1784,Female,37,97,32,xzavier.gerlach@hotmail.com
1785,Female,32,97,86,arnoldo.turner64@yahoo.com
1786,Male,46,98,15,nelson_bogan54@gmail.com
1787,Female,29,98,88,desmond_kunze91@yahoo.com
1788,Female,60,99,39,margarita.rowe@yahoo.com
1789,Male,50,99,97,scotty_mraz83@hotmail.com
1790,Female,54,101,24,keaton78@hotmail.com
1791,Male,28,101,68,clement.oberbrunner3@hotmail.com
1792,Female,41,103,17,deshawn.lebsack@gmail.com
1793,Female,36,103,85,kay38@yahoo.com
1794,Female,34,103,23,jan.sauer@gmail.com
1795,Female,32,55,69,arnaldo_huels13@hotmail.com
1796,Male,33,113,8,kathryn.keeling@gmail.com
1797,Female,38,113,91,deja_lemke98@gmail.com
1798,Female,47,120,16,werner_zboncak@yahoo.com
1799,Female,23,120,79,darian9@gmail.com
1800,Female,45,126,28,hermann_goodwin@yahoo.com
1801,Male,32,145,74,ethelyn.schoen23@gmail.com
1802,Male,32,450,18,tanya32@gmail.com
1803,Male,59,137,83,elwin_weissnat39@hotmail.com
1804,Male,29,120,39,kareem_homenick@hotmail.com
1805,Male,21,15,81,sierra.kulas55@gmail.com
1806,Female,55,16,6,jerome75@hotmail.com
1807,Female,23,16,77,adrienne8@yahoo.com
1808,Female,31,130,40,jenifer.sipes50@gmail.com
1809,Female,18,17,76,janelle74@gmail.com
1810,Female,35,18,6,kirk33@yahoo.com
1811,Female,23,18,94,jaunita_schowalter56@yahoo.com
1812,Male,64,996,3,antonetta39@hotmail.com
1813,Female,30,19,72,rubie55@yahoo.com
1814,Male,67,19,14,stefanie.rice@gmail.com
1815,Female,35,19,99,ross29@yahoo.com
1816,Female,58,20,15,kamren.rutherford@gmail.com
1817,Female,24,20,77,sister.reinger77@hotmail.com
1818,Male,37,200,13,vernie1@hotmail.com
1819,Male,22,20,79,jorge_walker8@yahoo.com
1820,Female,53,21,35,tito_muller21@yahoo.com
1821,Male,20,21,66,thomas.runolfsson@hotmail.com
1822,Male,52,23,29,jamal79@yahoo.com
1823,,35,23,98,watson76@gmail.com
1824,Male,31,24,91,susana99@gmail.com
1825,Male,25,24,73,marge17@yahoo.com
1826,Female,46,25,5,brandyn29@yahoo.com
1827,Male,31,25,73,viola6@hotmail.com
1828,Female,39,555,14,jeanie_hermiston@hotmail.com
1829,Male,29,28,82,jasmin.klein97@gmail.com
1830,Female,45,28,32,german_russel@gmail.com
1831,Male,35,28,,willa39@hotmail.com
1832,Female,40,29,31,mayra_hammes57@gmail.com
1833,Female,23,29,87,gene.wisoky@gmail.com
1834,Male,60,300,4,gail9@hotmail.com
1835,Female,21,30,73,guadalupe70@yahoo.com
1836,Male,53,33,4,ila_leffler@yahoo.com
1837,Male,18,33,92,blanche.keebler42@hotmail.com
1838,Female,28,33,14,mauricio.hartmann82@gmail.com
1839,Female,21,33,81,meda13@yahoo.com
1840,Female,42,34,17,mona_reinger48@yahoo.com
1841,Female,30,34,73,osbaldo_marvin28@yahoo.com
1842,Female,36,37,26,eula5@gmail.com
1843,Female,20,222,75,lorenza.hegmann93@hotmail.com
1844,Female,65,38,35,vida_lind21@yahoo.com
1845,Male,24,38,77,brenda_hermann72@yahoo.com
1846,Male,48,39,36,art.west32@hotmail.com
1847,Female,45,39,61,evalyn_rice@hotmail.com
1848,Female,21,39,28,edythe5@hotmail.com
1849,Female,24,230,65,ayden.rodriguez52@yahoo.com
1850,Female,50,40,55,elyse.baumbach16@gmail.com
1851,Female,27,40,47,alexandra24@gmail.com
1852,Female,29,40,42,lavinia.witting@gmail.com
1853,Female,31,40,42,bradly_cole57@hotmail.com
1854,Female,49,42,52,muhammad.nikolaus85@yahoo.com
1855,Male,33,42,60,emma.schultz99@gmail.com
1856,Female,31,43,54,emmy_smith46@yahoo.com
1857,Male,59,43,60,daphne_christiansen@yahoo.com
1858,Female,50,43,45,ellis.stoltenberg@yahoo.com
1859,Male,47,43,41,dina_carroll@gmail.com
1860,Female,32,44,50,pietro.spencer@hotmail.com
1861,Male,69,450,46,elliott46@yahoo.com
1862,Female,56,46,51,brandt_deckow@yahoo.com
1863,Male,53,46,66,hildegard74@hotmail.com
1864,Male,70,46,56,annabel33@hotmail.com
1865,Male,19,46,55,alexzander_schaden66@hotmail.com
1866,Female,67,1000,52,mohammad98@gmail.com
1867,Female,19,47,59,filiberto_blick14@gmail.com
1868,Male,63,48,51,shana.gerlach@hotmail.com
1869,Male,18,48,59,wilfredo_weber@yahoo.com
1870,Female,43,48,50,vance_lebsack66@hotmail.com
1871,Female,68,48,48,dereck_labadie69@gmail.com
1872,Male,19,645,59,antonette.mayert53@gmail.com
1873,Female,32,48,47,roslyn49@yahoo.com
1874,Male,32,49,55,jordy83@yahoo.com
1875,Female,47,49,90,desiree84@gmail.com
1876,Female,60,50,49,raven_streich39@gmail.com
1877,Female,60,50,56,christine_connelly@yahoo.com
1878,Male,59,54,47,pat6@hotmail.com
1879,Male,26,54,54,seth_wiza@hotmail.com
1880,Female,67,54,53,eldred14@gmail.com
1881,Male,40,456,48,blaise.runolfsdottir37@gmail.com
1882,Female,23,54,52,marcus_ortiz86@gmail.com
1883,Female,49,54,42,kay.macejkovic@hotmail.com
1884,Male,57,54,51,grady37@gmail.com
1885,Male,38,334,55,gerda_toy@gmail.com
1886,Male,67,54,41,danny.larson@hotmail.com
1887,Female,46,54,44,amanda8@yahoo.com
1888,Female,21,54,57,cordell_johnson@yahoo.com
1889,Male,48,54,46,maribel.rice79@hotmail.com
1890,Female,19,678,58,johnathan_corwin@yahoo.com
1891,Female,22,57,55,juston75@gmail.com
1892,Female,34,58,60,mable_oreilly2@hotmail.com
1893,Female,50,58,46,mariana.gleichner94@yahoo.com
1894,Female,68,59,55,fanny.larson43@hotmail.com
1895,Male,18,59,41,amalia.anderson@yahoo.com
1896,Male,48,60,49,rodrick4@gmail.com
1897,Female,40,60,40,tressie_hoeger32@gmail.com
1898,Female,32,678,42,bethel_klein@yahoo.com
1899,Male,24,60,52,susie_haag8@gmail.com
1900,Female,47,60,47,karlie60@gmail.com
1901,Female,27,60,50,destin28@hotmail.com
1902,Male,21,890,42,clair.macejkovic@gmail.com
1903,Male,20,61,49,marley.quitzon@hotmail.com
1904,Male,59,137,83,harold26@yahoo.com
1905,Female,29,15,39,deja.purdy10@yahoo.com
1906,Female,21,20,81,jayne.tillman@hotmail.com
1907,Male,20,1123,6,orval_ziemann37@gmail.com
1908,Male,23,45,77,zola_parker35@hotmail.com
1909,Male,31,17,40,jazmyn.gaylord@hotmail.com
1910,Female,18,17,76,conner38@hotmail.com
1911,Female,35,18,6,kaitlin71@yahoo.com
1912,Male,23,44,94,ellsworth52@yahoo.com
1913,Male,64,800,3,dannie.kulas56@yahoo.com
1914,Male,30,19,,lilliana29@hotmail.com
1915,Male,67,19,14,sylvan1@yahoo.com
1916,Female,35,19,99,maxie.bauch17@gmail.com
1917,Female,58,20,15,leann.raynor@yahoo.com
1918,Male,24,55,77,brent.denesik@hotmail.com
1919,Female,37,111,13,kathlyn.lubowitz@gmail.com
1920,Female,22,20,79,buster_waters@hotmail.com
1921,Female,53,21,35,melvin_howell30@yahoo.com
1922,Female,20,34,66,payton.howe@hotmail.com
1923,Female,52,23,29,al_brown@yahoo.com
1924,Female,35,23,98,margaretta.jast@hotmail.com
1925,Male,35,24,35,fannie_doyle2@hotmail.com
1926,Female,25,24,73,osvaldo_gerhold13@hotmail.com
1927,Female,46,25,5,ana4@yahoo.com
1928,Male,31,25,73,joana_lehner@gmail.com
1929,Female,39,28,78,micheal6@hotmail.com
1930,Female,29,28,82,evans_cremin66@yahoo.com
1931,Male,45,234,32,rowan_littel47@hotmail.com
1932,Male,35,28,61,elmira_goodwin@yahoo.com
1933,Male,40,24,31,austyn.deckow25@gmail.com
1934,Male,23,234,87,bianka_larkin92@yahoo.com
1935,Male,60,30,4,cruz_stoltenberg99@yahoo.com
1936,Male,21,30,73,erwin45@yahoo.com
1937,Female,53,33,4,mitchel_jerde51@yahoo.com
1938,Female,18,123,92,luther7@yahoo.com
1939,Male,28,33,14,lilly_zboncak@hotmail.com
1940,Female,21,55,81,nicholas_hagenes@yahoo.com
1941,Female,42,34,17,antonio62@hotmail.com
1942,Male,30,34,73,anya.connelly70@gmail.com
1943,Male,36,37,26,asha99@hotmail.com
1944,Female,20,23,75,shaina55@gmail.com
1945,Female,65,38,35,rowan_waters@hotmail.com
1946,Male,24,38,92,breanne16@gmail.com
1947,Female,48,39,36,courtney_wisozk@gmail.com
1948,Female,45,39,61,camila.toy@hotmail.com
1949,Male,49,33,28,casimer.waelchi@hotmail.com
1950,Male,24,39,65,johnpaul.gutkowski@hotmail.com
1951,Male,50,40,55,thaddeus.weissnat@gmail.com
1952,Female,27,678,47,maxime_weissnat@hotmail.com
1953,Female,29,40,42,keegan.gislason40@hotmail.com
1954,Male,31,40,42,tremayne11@yahoo.com
1955,,49,45,52,muriel.kiehn16@yahoo.com
1956,Male,33,42,60,toney.kassulke46@yahoo.com
1957,Female,31,43,54,jerry2@yahoo.com
1958,Female,59,43,60,stephen.mertz71@yahoo.com
1959,Female,50,43,45,rigoberto.torphy0@gmail.com
1960,Female,47,43,41,brice_dach48@gmail.com
1961,Male,32,44,50,berenice_walsh39@gmail.com
1962,Female,69,44,46,jenifer.hagenes@gmail.com
1963,Male,27,46,51,cassandre_kreiger@yahoo.com
1964,Female,53,1200,46,maximillian.price16@yahoo.com
1965,Female,70,46,56,chaim.becker@gmail.com
1966,Female,19,46,55,nikki43@yahoo.com
1967,Male,67,444,52,tamia.mertz42@yahoo.com
1968,Female,19,47,67,beatrice.cormier91@hotmail.com
1969,Male,63,55,51,alphonso.glover@yahoo.com
1970,Female,18,48,59,jose.schumm15@hotmail.com
1971,Male,43,48,50,jimmy95@yahoo.com
1972,Female,68,48,48,camryn.blick@gmail.com
1973,Female,19,1409,59,chase_turner95@hotmail.com
1974,Male,32,48,47,hipolito_kuhic52@yahoo.com
1975,Male,70,49,55,linwood_morissette@gmail.com
1976,Male,47,123,42,devonte.kiehn2@yahoo.com
1977,Male,60,50,77,german.bartoletti91@gmail.com
1978,Male,60,50,56,jason_kautzer60@yahoo.com
1979,Female,59,54,47,raleigh32@gmail.com
1980,Female,26,54,30,loma.veum11@yahoo.com
1981,Male,67,54,53,vincenza57@hotmail.com
1982,Male,40,54,48,raven_mitchell60@yahoo.com
1983,Male,23,54,52,elwin_schmeler@yahoo.com
1984,Male,49,111,42,carter_gutmann0@yahoo.com
1985,Female,57,345,51,alexandre_bradtke@yahoo.com
1986,Female,38,54,55,estel_dooley0@hotmail.com
1987,Male,67,54,41,maurine_zemlak@yahoo.com
1988,Female,,54,44,april.mraz52@hotmail.com
1989,Female,21,54,57,jamar94@gmail.com
1990,Male,48,54,46,luna_morissette@yahoo.com
1991,Female,45,222,58,joanie.romaguera85@hotmail.com
1992,Male,22,57,55,frederick_altenwerth26@gmail.com
1993,Female,34,58,60,ahmad.heaney78@hotmail.com
1994,Female,50,5670,46,willow66@hotmail.com
1995,Female,68,59,55,ernest_prohaska@hotmail.com
1996,Female,18,666,41,saul.rowe@gmail.com
1997,Male,48,60,49,jacklyn64@yahoo.com
1998,Female,40,120,40,turner93@gmail.com
1999,Female,32,60,42,lysanne.mohr@hotmail.com
2000,Female,24,60,52,terrell19@yahoo.com
2001,Female,47,900,47,mitchel_jerde51@yahoo.com
2002,Male,27,60,50,luther7@yahoo.com
2003,Male,34,61,42,lilly_zboncak@hotmail.com
2004,Male,20,45,49,nicholas_hagenes@yahoo.com
2005,Female,24,60,52,antonio62@hotmail.com
